serum,virus,replicate,concentration,fraction infectivity,input_folder,experiment_rep
Nirsevimab,RSV B K68Q,1,1000,0.632137537,24.09.12_RSVNeut,mAb_1
Nirsevimab,RSV B K68Q,1,333.3,1.038573734,24.09.12_RSVNeut,mAb_1
Nirsevimab,RSV B K68Q,1,111.1,1.48454568,24.09.12_RSVNeut,mAb_1
Nirsevimab,RSV B K68Q,1,37,1.425459285,24.09.12_RSVNeut,mAb_1
Nirsevimab,RSV B K68Q,1,12.3,1.368110725,24.09.12_RSVNeut,mAb_1
Nirsevimab,RSV B K68Q,1,4.1,1.410687686,24.09.12_RSVNeut,mAb_1
Nirsevimab,RSV B K68Q,1,1.4,1.314020606,24.09.12_RSVNeut,mAb_1
Nirsevimab,RSV B K68Q,1,0.5,1.273833168,24.09.12_RSVNeut,mAb_1
Nirsevimab,RSV B K68Q,1,0.2,1.187593098,24.09.12_RSVNeut,mAb_1
Nirsevimab,RSV B K68Q,2,1000,0.57000993,24.09.12_RSVNeut,mAb_1
Nirsevimab,RSV B K68Q,2,333.3,1.058124379,24.09.12_RSVNeut,mAb_1
Nirsevimab,RSV B K68Q,2,111.1,1.153705313,24.09.12_RSVNeut,mAb_1
Nirsevimab,RSV B K68Q,2,37,1.054865938,24.09.12_RSVNeut,mAb_1
Nirsevimab,RSV B K68Q,2,12.3,1.19758565,24.09.12_RSVNeut,mAb_1
Nirsevimab,RSV B K68Q,2,4.1,1.318582423,24.09.12_RSVNeut,mAb_1
Nirsevimab,RSV B K68Q,2,1.4,1.107218222,24.09.12_RSVNeut,mAb_1
Nirsevimab,RSV B K68Q,2,0.5,0.988176514,24.09.12_RSVNeut,mAb_1
Nirsevimab,RSV B K68Q,2,0.2,1.080281778,24.09.12_RSVNeut,mAb_1
D25,RSV B K68Q,1,1000,0.151148213,24.09.12_RSVNeut,mAb_1
D25,RSV B K68Q,1,333.3,0.182581306,24.09.12_RSVNeut,mAb_1
D25,RSV B K68Q,1,111.1,0.165767751,24.09.12_RSVNeut,mAb_1
D25,RSV B K68Q,1,37,0.610414598,24.09.12_RSVNeut,mAb_1
D25,RSV B K68Q,1,12.3,0.941254965,24.09.12_RSVNeut,mAb_1
D25,RSV B K68Q,1,4.1,0.81417577,24.09.12_RSVNeut,mAb_1
D25,RSV B K68Q,1,1.4,1.499317279,24.09.12_RSVNeut,mAb_1
D25,RSV B K68Q,1,0.5,1.045742304,24.09.12_RSVNeut,mAb_1
D25,RSV B K68Q,1,0.2,1.135892502,24.09.12_RSVNeut,mAb_1
D25,RSV B K68Q,2,1000,0.1507572,24.09.12_RSVNeut,mAb_1
D25,RSV B K68Q,2,333.3,0.181538605,24.09.12_RSVNeut,mAb_1
D25,RSV B K68Q,2,111.1,0.142046301,24.09.12_RSVNeut,mAb_1
D25,RSV B K68Q,2,37,0.552848808,24.09.12_RSVNeut,mAb_1
D25,RSV B K68Q,2,12.3,1.082671301,24.09.12_RSVNeut,mAb_1
D25,RSV B K68Q,2,4.1,1.247113952,24.09.12_RSVNeut,mAb_1
D25,RSV B K68Q,2,1.4,1.237990318,24.09.12_RSVNeut,mAb_1
D25,RSV B K68Q,2,0.5,1.088319265,24.09.12_RSVNeut,mAb_1
D25,RSV B K68Q,2,0.2,0.96471574,24.09.12_RSVNeut,mAb_1
Clesrovimab,RSV B K68Q,1,1000,0.118476912,24.09.12_RSVNeut,mAb_1
Clesrovimab,RSV B K68Q,1,333.3,0.197852532,24.09.12_RSVNeut,mAb_1
Clesrovimab,RSV B K68Q,1,111.1,0.190618793,24.09.12_RSVNeut,mAb_1
Clesrovimab,RSV B K68Q,1,37,0.32258565,24.09.12_RSVNeut,mAb_1
Clesrovimab,RSV B K68Q,1,12.3,0.558062314,24.09.12_RSVNeut,mAb_1
Clesrovimab,RSV B K68Q,1,4.1,0.879779047,24.09.12_RSVNeut,mAb_1
Clesrovimab,RSV B K68Q,1,1.4,1.1617428,24.09.12_RSVNeut,mAb_1
Clesrovimab,RSV B K68Q,1,0.5,1.067465243,24.09.12_RSVNeut,mAb_1
Clesrovimab,RSV B K68Q,1,0.2,1.275788232,24.09.12_RSVNeut,mAb_1
Clesrovimab,RSV B K68Q,2,1000,0.173327334,24.09.12_RSVNeut,mAb_1
Clesrovimab,RSV B K68Q,2,333.3,0.171806728,24.09.12_RSVNeut,mAb_1
Clesrovimab,RSV B K68Q,2,111.1,0.177845705,24.09.12_RSVNeut,mAb_1
Clesrovimab,RSV B K68Q,2,37,0.220922294,24.09.12_RSVNeut,mAb_1
Clesrovimab,RSV B K68Q,2,12.3,0.436413853,24.09.12_RSVNeut,mAb_1
Clesrovimab,RSV B K68Q,2,4.1,0.725980636,24.09.12_RSVNeut,mAb_1
Clesrovimab,RSV B K68Q,2,1.4,1.215398461,24.09.12_RSVNeut,mAb_1
Clesrovimab,RSV B K68Q,2,0.5,0.895202334,24.09.12_RSVNeut,mAb_1
Clesrovimab,RSV B K68Q,2,0.2,1.125465492,24.09.12_RSVNeut,mAb_1
Suptavumab,RSV A 1982,1,1000,0.01614389,24.09.12_RSVNeut,mAb_1
Suptavumab,RSV A 1982,1,333.3,0.00671988,24.09.12_RSVNeut,mAb_1
Suptavumab,RSV A 1982,1,111.1,0.006116651,24.09.12_RSVNeut,mAb_1
Suptavumab,RSV A 1982,1,37,0.012237924,24.09.12_RSVNeut,mAb_1
Suptavumab,RSV A 1982,1,12.3,0.106512695,24.09.12_RSVNeut,mAb_1
Suptavumab,RSV A 1982,1,4.1,0.305774755,24.09.12_RSVNeut,mAb_1
Suptavumab,RSV A 1982,1,1.4,1.021907089,24.09.12_RSVNeut,mAb_1
Suptavumab,RSV A 1982,1,0.5,1.099217486,24.09.12_RSVNeut,mAb_1
Suptavumab,RSV A 1982,1,0.2,0.784891207,24.09.12_RSVNeut,mAb_1
Suptavumab,RSV A 1982,2,1000,0.009400898,24.09.12_RSVNeut,mAb_1
Suptavumab,RSV A 1982,2,333.3,0.003792716,24.09.12_RSVNeut,mAb_1
Suptavumab,RSV A 1982,2,111.1,0.021609932,24.09.12_RSVNeut,mAb_1
Suptavumab,RSV A 1982,2,37,0.008992967,24.09.12_RSVNeut,mAb_1
Suptavumab,RSV A 1982,2,12.3,0.098631426,24.09.12_RSVNeut,mAb_1
Suptavumab,RSV A 1982,2,4.1,0.294796447,24.09.12_RSVNeut,mAb_1
Suptavumab,RSV A 1982,2,1.4,0.65754284,24.09.12_RSVNeut,mAb_1
Suptavumab,RSV A 1982,2,0.5,0.989896655,24.09.12_RSVNeut,mAb_1
Suptavumab,RSV A 1982,2,0.2,0.643559943,24.09.12_RSVNeut,mAb_1
D25,RSV A 1982,1,1000,0.009159375,24.09.12_RSVNeut,mAb_1
D25,RSV A 1982,1,333.3,0.007138211,24.09.12_RSVNeut,mAb_1
D25,RSV A 1982,1,111.1,0.020419652,24.09.12_RSVNeut,mAb_1
D25,RSV A 1982,1,37,0.020292535,24.09.12_RSVNeut,mAb_1
D25,RSV A 1982,1,12.3,0.257470202,24.09.12_RSVNeut,mAb_1
D25,RSV A 1982,1,4.1,0.570178624,24.09.12_RSVNeut,mAb_1
D25,RSV A 1982,1,1.4,0.954303827,24.09.12_RSVNeut,mAb_1
D25,RSV A 1982,1,0.5,1.030574174,24.09.12_RSVNeut,mAb_1
D25,RSV A 1982,1,0.2,0.711047644,24.09.12_RSVNeut,mAb_1
D25,RSV A 1982,2,1000,0.003598574,24.09.12_RSVNeut,mAb_1
D25,RSV A 1982,2,333.3,0.006603163,24.09.12_RSVNeut,mAb_1
D25,RSV A 1982,2,111.1,0.003491102,24.09.12_RSVNeut,mAb_1
D25,RSV A 1982,2,37,0.024776307,24.09.12_RSVNeut,mAb_1
D25,RSV A 1982,2,12.3,0.319295407,24.09.12_RSVNeut,mAb_1
D25,RSV A 1982,2,4.1,0.75345858,24.09.12_RSVNeut,mAb_1
D25,RSV A 1982,2,1.4,1.127876647,24.09.12_RSVNeut,mAb_1
D25,RSV A 1982,2,0.5,1.179879156,24.09.12_RSVNeut,mAb_1
D25,RSV A 1982,2,0.2,1.035543302,24.09.12_RSVNeut,mAb_1
Nirsevimab,RSV A 1982,1,1000,0.019749397,24.09.12_RSVNeut,mAb_1
Nirsevimab,RSV A 1982,1,333.3,0.007398224,24.09.12_RSVNeut,mAb_1
Nirsevimab,RSV A 1982,1,111.1,0.013878892,24.09.12_RSVNeut,mAb_1
Nirsevimab,RSV A 1982,1,37,0.002158682,24.09.12_RSVNeut,mAb_1
Nirsevimab,RSV A 1982,1,12.3,0.095511275,24.09.12_RSVNeut,mAb_1
Nirsevimab,RSV A 1982,1,4.1,0.524878661,24.09.12_RSVNeut,mAb_1
Nirsevimab,RSV A 1982,1,1.4,1.029071879,24.09.12_RSVNeut,mAb_1
Nirsevimab,RSV A 1982,1,0.5,1.145326378,24.09.12_RSVNeut,mAb_1
Nirsevimab,RSV A 1982,1,0.2,1.184501601,24.09.12_RSVNeut,mAb_1
Nirsevimab,RSV A 1982,2,1000,0.007385512,24.09.12_RSVNeut,mAb_1
Nirsevimab,RSV A 1982,2,333.3,0.019379602,24.09.12_RSVNeut,mAb_1
Nirsevimab,RSV A 1982,2,111.1,0.006133985,24.09.12_RSVNeut,mAb_1
Nirsevimab,RSV A 1982,2,37,0.017137716,24.09.12_RSVNeut,mAb_1
Nirsevimab,RSV A 1982,2,12.3,0.072595503,24.09.12_RSVNeut,mAb_1
Nirsevimab,RSV A 1982,2,4.1,0.507082247,24.09.12_RSVNeut,mAb_1
Nirsevimab,RSV A 1982,2,1.4,0.963317595,24.09.12_RSVNeut,mAb_1
Nirsevimab,RSV A 1982,2,0.5,0.205005448,24.09.12_RSVNeut,mAb_1
Nirsevimab,RSV A 1982,2,0.2,1.0536864,24.09.12_RSVNeut,mAb_1
MPE8,RSV A 1982,1,1000,0.010752415,24.09.12_RSVNeut,mAb_1
MPE8,RSV A 1982,1,333.3,0.024506516,24.09.12_RSVNeut,mAb_1
MPE8,RSV A 1982,1,111.1,0.023237688,24.09.12_RSVNeut,mAb_1
MPE8,RSV A 1982,1,37,0.063586434,24.09.12_RSVNeut,mAb_1
MPE8,RSV A 1982,1,12.3,0.346571444,24.09.12_RSVNeut,mAb_1
MPE8,RSV A 1982,1,4.1,0.619369573,24.09.12_RSVNeut,mAb_1
MPE8,RSV A 1982,1,1.4,0.776704309,24.09.12_RSVNeut,mAb_1
MPE8,RSV A 1982,1,0.5,0.758578187,24.09.12_RSVNeut,mAb_1
MPE8,RSV A 1982,1,0.2,0.906306078,24.09.12_RSVNeut,mAb_1
MPE8,RSV A 1982,2,1000,0.013610905,24.09.12_RSVNeut,mAb_1
MPE8,RSV A 1982,2,333.3,0.009392956,24.09.12_RSVNeut,mAb_1
MPE8,RSV A 1982,2,111.1,0.020953797,24.09.12_RSVNeut,mAb_1
MPE8,RSV A 1982,2,37,0.072830756,24.09.12_RSVNeut,mAb_1
MPE8,RSV A 1982,2,12.3,0.333701898,24.09.12_RSVNeut,mAb_1
MPE8,RSV A 1982,2,4.1,0.717613152,24.09.12_RSVNeut,mAb_1
MPE8,RSV A 1982,2,1.4,0.981892005,24.09.12_RSVNeut,mAb_1
MPE8,RSV A 1982,2,0.5,0.666860012,24.09.12_RSVNeut,mAb_1
MPE8,RSV A 1982,2,0.2,0.978448041,24.09.12_RSVNeut,mAb_1
Clesrovimab,RSV A 1982,1,1000,0.005967119,24.09.12_RSVNeut,mAb_1
Clesrovimab,RSV A 1982,1,333.3,0.012133626,24.09.12_RSVNeut,mAb_1
Clesrovimab,RSV A 1982,1,111.1,0.008531965,24.09.12_RSVNeut,mAb_1
Clesrovimab,RSV A 1982,1,37,0.011577154,24.09.12_RSVNeut,mAb_1
Clesrovimab,RSV A 1982,1,12.3,0.050789393,24.09.12_RSVNeut,mAb_1
Clesrovimab,RSV A 1982,1,4.1,0.212800667,24.09.12_RSVNeut,mAb_1
Clesrovimab,RSV A 1982,1,1.4,0.6173757,24.09.12_RSVNeut,mAb_1
Clesrovimab,RSV A 1982,1,0.5,0.552484185,24.09.12_RSVNeut,mAb_1
Clesrovimab,RSV A 1982,1,0.2,0.8290888,24.09.12_RSVNeut,mAb_1
Clesrovimab,RSV A 1982,2,1000,0.011481085,24.09.12_RSVNeut,mAb_1
Clesrovimab,RSV A 1982,2,333.3,0.006628723,24.09.12_RSVNeut,mAb_1
Clesrovimab,RSV A 1982,2,111.1,0.008874549,24.09.12_RSVNeut,mAb_1
Clesrovimab,RSV A 1982,2,37,0.004535156,24.09.12_RSVNeut,mAb_1
Clesrovimab,RSV A 1982,2,12.3,0.056172851,24.09.12_RSVNeut,mAb_1
Clesrovimab,RSV A 1982,2,4.1,0.251228045,24.09.12_RSVNeut,mAb_1
Clesrovimab,RSV A 1982,2,1.4,0.545958781,24.09.12_RSVNeut,mAb_1
Clesrovimab,RSV A 1982,2,0.5,0.582573547,24.09.12_RSVNeut,mAb_1
Clesrovimab,RSV A 1982,2,0.2,0.679910819,24.09.12_RSVNeut,mAb_1
Palivizumab,RSV A 1982,1,1000,0.026282876,24.09.12_RSVNeut,mAb_1
Palivizumab,RSV A 1982,1,333.3,0.206637786,24.09.12_RSVNeut,mAb_1
Palivizumab,RSV A 1982,1,111.1,0.829813845,24.09.12_RSVNeut,mAb_1
Palivizumab,RSV A 1982,1,37,1.15862169,24.09.12_RSVNeut,mAb_1
Palivizumab,RSV A 1982,1,12.3,1.014337762,24.09.12_RSVNeut,mAb_1
Palivizumab,RSV A 1982,1,4.1,0.890355091,24.09.12_RSVNeut,mAb_1
Palivizumab,RSV A 1982,1,1.4,0.859721945,24.09.12_RSVNeut,mAb_1
Palivizumab,RSV A 1982,1,0.5,0.811506462,24.09.12_RSVNeut,mAb_1
Palivizumab,RSV A 1982,1,0.2,0.521307256,24.09.12_RSVNeut,mAb_1
Palivizumab,RSV A 1982,2,1000,0.015815041,24.09.12_RSVNeut,mAb_1
Palivizumab,RSV A 1982,2,333.3,0.133317624,24.09.12_RSVNeut,mAb_1
Palivizumab,RSV A 1982,2,111.1,0.525657525,24.09.12_RSVNeut,mAb_1
Palivizumab,RSV A 1982,2,37,0.928057424,24.09.12_RSVNeut,mAb_1
Palivizumab,RSV A 1982,2,12.3,1.01995686,24.09.12_RSVNeut,mAb_1
Palivizumab,RSV A 1982,2,4.1,0.394061883,24.09.12_RSVNeut,mAb_1
Palivizumab,RSV A 1982,2,1.4,0.508618971,24.09.12_RSVNeut,mAb_1
Palivizumab,RSV A 1982,2,0.5,0.579854629,24.09.12_RSVNeut,mAb_1
Palivizumab,RSV A 1982,2,0.2,0.908299951,24.09.12_RSVNeut,mAb_1
hRSV90,RSV A 1982,1,1000,0.020986652,24.09.12_RSVNeut,mAb_1
hRSV90,RSV A 1982,1,333.3,0.016943224,24.09.12_RSVNeut,mAb_1
hRSV90,RSV A 1982,1,111.1,0.013329323,24.09.12_RSVNeut,mAb_1
hRSV90,RSV A 1982,1,37,0.016537482,24.09.12_RSVNeut,mAb_1
hRSV90,RSV A 1982,1,12.3,0.021308448,24.09.12_RSVNeut,mAb_1
hRSV90,RSV A 1982,1,4.1,0.233231665,24.09.12_RSVNeut,mAb_1
hRSV90,RSV A 1982,1,1.4,0.556426113,24.09.12_RSVNeut,mAb_1
hRSV90,RSV A 1982,1,0.5,0.956011976,24.09.12_RSVNeut,mAb_1
hRSV90,RSV A 1982,1,0.2,1.290539217,24.09.12_RSVNeut,mAb_1
hRSV90,RSV A 1982,2,1000,0.014214959,24.09.12_RSVNeut,mAb_1
hRSV90,RSV A 1982,2,333.3,0.008803201,24.09.12_RSVNeut,mAb_1
hRSV90,RSV A 1982,2,111.1,0.010489129,24.09.12_RSVNeut,mAb_1
hRSV90,RSV A 1982,2,37,0.011281025,24.09.12_RSVNeut,mAb_1
hRSV90,RSV A 1982,2,12.3,0.035803229,24.09.12_RSVNeut,mAb_1
hRSV90,RSV A 1982,2,4.1,0.174469038,24.09.12_RSVNeut,mAb_1
hRSV90,RSV A 1982,2,1.4,0.696477041,24.09.12_RSVNeut,mAb_1
hRSV90,RSV A 1982,2,0.5,1.228418726,24.09.12_RSVNeut,mAb_1
hRSV90,RSV A 1982,2,0.2,1.417298598,24.09.12_RSVNeut,mAb_1
AM14,RSV A 1982,1,1000,0.00576993,24.09.12_RSVNeut,mAb_1
AM14,RSV A 1982,1,333.3,0.038083779,24.09.12_RSVNeut,mAb_1
AM14,RSV A 1982,1,111.1,0.008583541,24.09.12_RSVNeut,mAb_1
AM14,RSV A 1982,1,37,0.015572096,24.09.12_RSVNeut,mAb_1
AM14,RSV A 1982,1,12.3,0.036516775,24.09.12_RSVNeut,mAb_1
AM14,RSV A 1982,1,4.1,0.095349358,24.09.12_RSVNeut,mAb_1
AM14,RSV A 1982,1,1.4,0.26149369,24.09.12_RSVNeut,mAb_1
AM14,RSV A 1982,1,0.5,0.533480706,24.09.12_RSVNeut,mAb_1
AM14,RSV A 1982,1,0.2,0.707809833,24.09.12_RSVNeut,mAb_1
AM14,RSV A 1982,2,1000,0.019195791,24.09.12_RSVNeut,mAb_1
AM14,RSV A 1982,2,333.3,0.020846741,24.09.12_RSVNeut,mAb_1
AM14,RSV A 1982,2,111.1,0.019629516,24.09.12_RSVNeut,mAb_1
AM14,RSV A 1982,2,37,0.016957215,24.09.12_RSVNeut,mAb_1
AM14,RSV A 1982,2,12.3,0.007489437,24.09.12_RSVNeut,mAb_1
AM14,RSV A 1982,2,4.1,0.088046003,24.09.12_RSVNeut,mAb_1
AM14,RSV A 1982,2,1.4,0.340823236,24.09.12_RSVNeut,mAb_1
AM14,RSV A 1982,2,0.5,0.872764922,24.09.12_RSVNeut,mAb_1
AM14,RSV A 1982,2,0.2,0.949156337,24.09.12_RSVNeut,mAb_1
Suptavumab,RSV A 2020,1,1000,0.003076742,24.09.12_RSVNeut,mAb_1
Suptavumab,RSV A 2020,1,333.3,0.008102579,24.09.12_RSVNeut,mAb_1
Suptavumab,RSV A 2020,1,111.1,0.003130522,24.09.12_RSVNeut,mAb_1
Suptavumab,RSV A 2020,1,37,0.003761137,24.09.12_RSVNeut,mAb_1
Suptavumab,RSV A 2020,1,12.3,0.045314068,24.09.12_RSVNeut,mAb_1
Suptavumab,RSV A 2020,1,4.1,0.331181303,24.09.12_RSVNeut,mAb_1
Suptavumab,RSV A 2020,1,1.4,0.721260486,24.09.12_RSVNeut,mAb_1
Suptavumab,RSV A 2020,1,0.5,0.909057113,24.09.12_RSVNeut,mAb_1
Suptavumab,RSV A 2020,1,0.2,0.875227698,24.09.12_RSVNeut,mAb_1
Suptavumab,RSV A 2020,2,1000,0.002914534,24.09.12_RSVNeut,mAb_1
Suptavumab,RSV A 2020,2,333.3,0.002471282,24.09.12_RSVNeut,mAb_1
Suptavumab,RSV A 2020,2,111.1,0.010703974,24.09.12_RSVNeut,mAb_1
Suptavumab,RSV A 2020,2,37,0.011111662,24.09.12_RSVNeut,mAb_1
Suptavumab,RSV A 2020,2,12.3,0.085475656,24.09.12_RSVNeut,mAb_1
Suptavumab,RSV A 2020,2,4.1,0.269160708,24.09.12_RSVNeut,mAb_1
Suptavumab,RSV A 2020,2,1.4,0.759513749,24.09.12_RSVNeut,mAb_1
Suptavumab,RSV A 2020,2,0.5,1.135453971,24.09.12_RSVNeut,mAb_1
Suptavumab,RSV A 2020,2,0.2,1.154537231,24.09.12_RSVNeut,mAb_1
D25,RSV A 2020,1,1000,0.006122257,24.09.12_RSVNeut,mAb_1
D25,RSV A 2020,1,333.3,0.002425309,24.09.12_RSVNeut,mAb_1
D25,RSV A 2020,1,111.1,0.003313548,24.09.12_RSVNeut,mAb_1
D25,RSV A 2020,1,37,0.026447664,24.09.12_RSVNeut,mAb_1
D25,RSV A 2020,1,12.3,0.234030161,24.09.12_RSVNeut,mAb_1
D25,RSV A 2020,1,4.1,0.574579611,24.09.12_RSVNeut,mAb_1
D25,RSV A 2020,1,1.4,0.863170547,24.09.12_RSVNeut,mAb_1
D25,RSV A 2020,1,0.5,0.887371591,24.09.12_RSVNeut,mAb_1
D25,RSV A 2020,1,0.2,0.931610057,24.09.12_RSVNeut,mAb_1
D25,RSV A 2020,2,1000,0.001389608,24.09.12_RSVNeut,mAb_1
D25,RSV A 2020,2,333.3,0.003696948,24.09.12_RSVNeut,mAb_1
D25,RSV A 2020,2,111.1,0.003006481,24.09.12_RSVNeut,mAb_1
D25,RSV A 2020,2,37,0.01881436,24.09.12_RSVNeut,mAb_1
D25,RSV A 2020,2,12.3,0.229693057,24.09.12_RSVNeut,mAb_1
D25,RSV A 2020,2,4.1,0.505619648,24.09.12_RSVNeut,mAb_1
D25,RSV A 2020,2,1.4,0.888239012,24.09.12_RSVNeut,mAb_1
D25,RSV A 2020,2,0.5,1.070397403,24.09.12_RSVNeut,mAb_1
D25,RSV A 2020,2,0.2,1.125912341,24.09.12_RSVNeut,mAb_1
Nirsevimab,RSV A 2020,1,1000,0.000370389,24.09.12_RSVNeut,mAb_1
Nirsevimab,RSV A 2020,1,333.3,0.000889106,24.09.12_RSVNeut,mAb_1
Nirsevimab,RSV A 2020,1,111.1,0.001004473,24.09.12_RSVNeut,mAb_1
Nirsevimab,RSV A 2020,1,37,0.003823591,24.09.12_RSVNeut,mAb_1
Nirsevimab,RSV A 2020,1,12.3,0.022743776,24.09.12_RSVNeut,mAb_1
Nirsevimab,RSV A 2020,1,4.1,0.322767321,24.09.12_RSVNeut,mAb_1
Nirsevimab,RSV A 2020,1,1.4,0.979318207,24.09.12_RSVNeut,mAb_1
Nirsevimab,RSV A 2020,1,0.5,0.963704631,24.09.12_RSVNeut,mAb_1
Nirsevimab,RSV A 2020,1,0.2,0.987992416,24.09.12_RSVNeut,mAb_1
Nirsevimab,RSV A 2020,2,1000,0.004880977,24.09.12_RSVNeut,mAb_1
Nirsevimab,RSV A 2020,2,333.3,0.004782091,24.09.12_RSVNeut,mAb_1
Nirsevimab,RSV A 2020,2,111.1,0.007026109,24.09.12_RSVNeut,mAb_1
Nirsevimab,RSV A 2020,2,37,0.006159556,24.09.12_RSVNeut,mAb_1
Nirsevimab,RSV A 2020,2,12.3,0.023975514,24.09.12_RSVNeut,mAb_1
Nirsevimab,RSV A 2020,2,4.1,0.342371033,24.09.12_RSVNeut,mAb_1
Nirsevimab,RSV A 2020,2,1.4,0.810951809,24.09.12_RSVNeut,mAb_1
Nirsevimab,RSV A 2020,2,0.5,0.878697382,24.09.12_RSVNeut,mAb_1
Nirsevimab,RSV A 2020,2,0.2,0.930742636,24.09.12_RSVNeut,mAb_1
MPE8,RSV A 2020,1,1000,0.002146877,24.09.12_RSVNeut,mAb_1
MPE8,RSV A 2020,1,333.3,0.007289283,24.09.12_RSVNeut,mAb_1
MPE8,RSV A 2020,1,111.1,0.0166554,24.09.12_RSVNeut,mAb_1
MPE8,RSV A 2020,1,37,0.027112874,24.09.12_RSVNeut,mAb_1
MPE8,RSV A 2020,1,12.3,0.185123348,24.09.12_RSVNeut,mAb_1
MPE8,RSV A 2020,1,4.1,0.552356597,24.09.12_RSVNeut,mAb_1
MPE8,RSV A 2020,1,1.4,1.10031519,24.09.12_RSVNeut,mAb_1
MPE8,RSV A 2020,1,0.5,1.429350969,24.09.12_RSVNeut,mAb_1
MPE8,RSV A 2020,1,0.2,1.435052084,24.09.12_RSVNeut,mAb_1
MPE8,RSV A 2020,2,1000,0.000499662,24.09.12_RSVNeut,mAb_1
MPE8,RSV A 2020,2,333.3,0.002160723,24.09.12_RSVNeut,mAb_1
MPE8,RSV A 2020,2,111.1,0.002997158,24.09.12_RSVNeut,mAb_1
MPE8,RSV A 2020,2,37,0.022014448,24.09.12_RSVNeut,mAb_1
MPE8,RSV A 2020,2,12.3,0.290023863,24.09.12_RSVNeut,mAb_1
MPE8,RSV A 2020,2,4.1,0.619141086,24.09.12_RSVNeut,mAb_1
MPE8,RSV A 2020,2,1.4,1.254245295,24.09.12_RSVNeut,mAb_1
MPE8,RSV A 2020,2,0.5,1.321029784,24.09.12_RSVNeut,mAb_1
MPE8,RSV A 2020,2,0.2,1.347092024,24.09.12_RSVNeut,mAb_1
Clesrovimab,RSV A 2020,1,1000,0.006701253,24.09.12_RSVNeut,mAb_1
Clesrovimab,RSV A 2020,1,333.3,0.002654276,24.09.12_RSVNeut,mAb_1
Clesrovimab,RSV A 2020,1,111.1,0.004486777,24.09.12_RSVNeut,mAb_1
Clesrovimab,RSV A 2020,1,37,0.002293477,24.09.12_RSVNeut,mAb_1
Clesrovimab,RSV A 2020,1,12.3,0.007813785,24.09.12_RSVNeut,mAb_1
Clesrovimab,RSV A 2020,1,4.1,0.088855949,24.09.12_RSVNeut,mAb_1
Clesrovimab,RSV A 2020,1,1.4,0.63314954,24.09.12_RSVNeut,mAb_1
Clesrovimab,RSV A 2020,1,0.5,0.972447326,24.09.12_RSVNeut,mAb_1
Clesrovimab,RSV A 2020,1,0.2,1.001767346,24.09.12_RSVNeut,mAb_1
Clesrovimab,RSV A 2020,2,1000,0.002027968,24.09.12_RSVNeut,mAb_1
Clesrovimab,RSV A 2020,2,333.3,0.001572693,24.09.12_RSVNeut,mAb_1
Clesrovimab,RSV A 2020,2,111.1,0.000406489,24.09.12_RSVNeut,mAb_1
Clesrovimab,RSV A 2020,2,37,0.003346554,24.09.12_RSVNeut,mAb_1
Clesrovimab,RSV A 2020,2,12.3,0.003491526,24.09.12_RSVNeut,mAb_1
Clesrovimab,RSV A 2020,2,4.1,0.0821775,24.09.12_RSVNeut,mAb_1
Clesrovimab,RSV A 2020,2,1.4,0.199864802,24.09.12_RSVNeut,mAb_1
Clesrovimab,RSV A 2020,2,0.5,0.510168346,24.09.12_RSVNeut,mAb_1
Clesrovimab,RSV A 2020,2,0.2,0.978962886,24.09.12_RSVNeut,mAb_1
Palivizumab,RSV A 2020,1,1000,0.013161431,24.09.12_RSVNeut,mAb_1
Palivizumab,RSV A 2020,1,333.3,0.106285072,24.09.12_RSVNeut,mAb_1
Palivizumab,RSV A 2020,1,111.1,0.588843732,24.09.12_RSVNeut,mAb_1
Palivizumab,RSV A 2020,1,37,1.215151935,24.09.12_RSVNeut,mAb_1
Palivizumab,RSV A 2020,1,12.3,1.510795468,24.09.12_RSVNeut,mAb_1
Palivizumab,RSV A 2020,1,4.1,1.277864199,24.09.12_RSVNeut,mAb_1
Palivizumab,RSV A 2020,1,1.4,1.022942916,24.09.12_RSVNeut,mAb_1
Palivizumab,RSV A 2020,1,0.5,1.174429685,24.09.12_RSVNeut,mAb_1
Palivizumab,RSV A 2020,1,0.2,1.042489595,24.09.12_RSVNeut,mAb_1
Palivizumab,RSV A 2020,2,1000,0.001681014,24.09.12_RSVNeut,mAb_1
Palivizumab,RSV A 2020,2,333.3,0.092358063,24.09.12_RSVNeut,mAb_1
Palivizumab,RSV A 2020,2,111.1,0.552519486,24.09.12_RSVNeut,mAb_1
Palivizumab,RSV A 2020,2,37,1.303926439,24.09.12_RSVNeut,mAb_1
Palivizumab,RSV A 2020,2,12.3,1.539301043,24.09.12_RSVNeut,mAb_1
Palivizumab,RSV A 2020,2,4.1,1.08402629,24.09.12_RSVNeut,mAb_1
Palivizumab,RSV A 2020,2,1.4,1.208636375,24.09.12_RSVNeut,mAb_1
Palivizumab,RSV A 2020,2,0.5,1.006654016,24.09.12_RSVNeut,mAb_1
Palivizumab,RSV A 2020,2,0.2,1.154883005,24.09.12_RSVNeut,mAb_1
hRSV90,RSV A 2020,1,1000,0.002128427,24.09.12_RSVNeut,mAb_1
hRSV90,RSV A 2020,1,333.3,0.001712843,24.09.12_RSVNeut,mAb_1
hRSV90,RSV A 2020,1,111.1,0.001455988,24.09.12_RSVNeut,mAb_1
hRSV90,RSV A 2020,1,37,0.005349928,24.09.12_RSVNeut,mAb_1
hRSV90,RSV A 2020,1,12.3,0.003753247,24.09.12_RSVNeut,mAb_1
hRSV90,RSV A 2020,1,4.1,0.105339105,24.09.12_RSVNeut,mAb_1
hRSV90,RSV A 2020,1,1.4,0.38037518,24.09.12_RSVNeut,mAb_1
hRSV90,RSV A 2020,1,0.5,0.457792208,24.09.12_RSVNeut,mAb_1
hRSV90,RSV A 2020,1,0.2,1.02020202,24.09.12_RSVNeut,mAb_1
hRSV90,RSV A 2020,2,1000,0.004904762,24.09.12_RSVNeut,mAb_1
hRSV90,RSV A 2020,2,333.3,0.005342713,24.09.12_RSVNeut,mAb_1
hRSV90,RSV A 2020,2,111.1,0.006870851,24.09.12_RSVNeut,mAb_1
hRSV90,RSV A 2020,2,37,0.003734488,24.09.12_RSVNeut,mAb_1
hRSV90,RSV A 2020,2,12.3,0.013391053,24.09.12_RSVNeut,mAb_1
hRSV90,RSV A 2020,2,4.1,0.068405483,24.09.12_RSVNeut,mAb_1
hRSV90,RSV A 2020,2,1.4,0.443217893,24.09.12_RSVNeut,mAb_1
hRSV90,RSV A 2020,2,0.5,0.852813853,24.09.12_RSVNeut,mAb_1
hRSV90,RSV A 2020,2,0.2,0.727272727,24.09.12_RSVNeut,mAb_1
AM14,RSV A 2020,1,1000,0.006486291,24.09.12_RSVNeut,mAb_1
AM14,RSV A 2020,1,333.3,0.007279942,24.09.12_RSVNeut,mAb_1
AM14,RSV A 2020,1,111.1,0.003304473,24.09.12_RSVNeut,mAb_1
AM14,RSV A 2020,1,37,0.002638528,24.09.12_RSVNeut,mAb_1
AM14,RSV A 2020,1,12.3,0.013354978,24.09.12_RSVNeut,mAb_1
AM14,RSV A 2020,1,4.1,0.062886003,24.09.12_RSVNeut,mAb_1
AM14,RSV A 2020,1,1.4,0.29978355,24.09.12_RSVNeut,mAb_1
AM14,RSV A 2020,1,0.5,0.791486291,24.09.12_RSVNeut,mAb_1
AM14,RSV A 2020,1,0.2,1.106060606,24.09.12_RSVNeut,mAb_1
AM14,RSV A 2020,2,1000,0.003370851,24.09.12_RSVNeut,mAb_1
AM14,RSV A 2020,2,333.3,0.008903319,24.09.12_RSVNeut,mAb_1
AM14,RSV A 2020,2,111.1,0.001370851,24.09.12_RSVNeut,mAb_1
AM14,RSV A 2020,2,37,0.000481746,24.09.12_RSVNeut,mAb_1
AM14,RSV A 2020,2,12.3,0.008946609,24.09.12_RSVNeut,mAb_1
AM14,RSV A 2020,2,4.1,0.062380952,24.09.12_RSVNeut,mAb_1
AM14,RSV A 2020,2,1.4,0.327128427,24.09.12_RSVNeut,mAb_1
AM14,RSV A 2020,2,0.5,0.667316017,24.09.12_RSVNeut,mAb_1
AM14,RSV A 2020,2,0.2,0.764069264,24.09.12_RSVNeut,mAb_1
Suptavumab,RSV B 2024,1,1000,1.029997111,24.09.12_RSVNeut,mAb_1
Suptavumab,RSV B 2024,1,333.3,1.261155793,24.09.12_RSVNeut,mAb_1
Suptavumab,RSV B 2024,1,111.1,0.956137017,24.09.12_RSVNeut,mAb_1
Suptavumab,RSV B 2024,1,37,1.069587825,24.09.12_RSVNeut,mAb_1
Suptavumab,RSV B 2024,1,12.3,0.871102124,24.09.12_RSVNeut,mAb_1
Suptavumab,RSV B 2024,1,4.1,1.193042738,24.09.12_RSVNeut,mAb_1
Suptavumab,RSV B 2024,1,1.4,0.993173491,24.09.12_RSVNeut,mAb_1
Suptavumab,RSV B 2024,1,0.5,1.226034999,24.09.12_RSVNeut,mAb_1
Suptavumab,RSV B 2024,1,0.2,0.785747951,24.09.12_RSVNeut,mAb_1
Suptavumab,RSV B 2024,2,1000,0.810758214,24.09.12_RSVNeut,mAb_1
Suptavumab,RSV B 2024,2,333.3,1.251577395,24.09.12_RSVNeut,mAb_1
Suptavumab,RSV B 2024,2,111.1,0.698690952,24.09.12_RSVNeut,mAb_1
Suptavumab,RSV B 2024,2,37,0.998388396,24.09.12_RSVNeut,mAb_1
Suptavumab,RSV B 2024,2,12.3,0.87791343,24.09.12_RSVNeut,mAb_1
Suptavumab,RSV B 2024,2,4.1,1.211135268,24.09.12_RSVNeut,mAb_1
Suptavumab,RSV B 2024,2,1.4,0.980402293,24.09.12_RSVNeut,mAb_1
Suptavumab,RSV B 2024,2,0.5,1.110029951,24.09.12_RSVNeut,mAb_1
Suptavumab,RSV B 2024,2,0.2,0.984978639,24.09.12_RSVNeut,mAb_1
D25,RSV B 2024,1,1000,0.00823423,24.09.12_RSVNeut,mAb_1
D25,RSV B 2024,1,333.3,0.001935901,24.09.12_RSVNeut,mAb_1
D25,RSV B 2024,1,111.1,0.000262235,24.09.12_RSVNeut,mAb_1
D25,RSV B 2024,1,37,0.001768811,24.09.12_RSVNeut,mAb_1
D25,RSV B 2024,1,12.3,0.015836285,24.09.12_RSVNeut,mAb_1
D25,RSV B 2024,1,4.1,0.413467532,24.09.12_RSVNeut,mAb_1
D25,RSV B 2024,1,1.4,0.704650845,24.09.12_RSVNeut,mAb_1
D25,RSV B 2024,1,0.5,0.959968376,24.09.12_RSVNeut,mAb_1
D25,RSV B 2024,1,0.2,1.079166223,24.09.12_RSVNeut,mAb_1
D25,RSV B 2024,2,1000,0.004514618,24.09.12_RSVNeut,mAb_1
D25,RSV B 2024,2,333.3,0.000173369,24.09.12_RSVNeut,mAb_1
D25,RSV B 2024,2,111.1,0.002712815,24.09.12_RSVNeut,mAb_1
D25,RSV B 2024,2,37,0.007985191,24.09.12_RSVNeut,mAb_1
D25,RSV B 2024,2,12.3,0.022275098,24.09.12_RSVNeut,mAb_1
D25,RSV B 2024,2,4.1,0.382923084,24.09.12_RSVNeut,mAb_1
D25,RSV B 2024,2,1.4,0.805756161,24.09.12_RSVNeut,mAb_1
D25,RSV B 2024,2,0.5,0.806714001,24.09.12_RSVNeut,mAb_1
D25,RSV B 2024,2,0.2,0.886427561,24.09.12_RSVNeut,mAb_1
Nirsevimab,RSV B 2024,1,1000,0.008957931,24.09.12_RSVNeut,mAb_1
Nirsevimab,RSV B 2024,1,333.3,0.005706597,24.09.12_RSVNeut,mAb_1
Nirsevimab,RSV B 2024,1,111.1,0.009788059,24.09.12_RSVNeut,mAb_1
Nirsevimab,RSV B 2024,1,37,0.003895215,24.09.12_RSVNeut,mAb_1
Nirsevimab,RSV B 2024,1,12.3,0.009867879,24.09.12_RSVNeut,mAb_1
Nirsevimab,RSV B 2024,1,4.1,0.064004987,24.09.12_RSVNeut,mAb_1
Nirsevimab,RSV B 2024,1,1.4,0.270855822,24.09.12_RSVNeut,mAb_1
Nirsevimab,RSV B 2024,1,0.5,0.637389202,24.09.12_RSVNeut,mAb_1
Nirsevimab,RSV B 2024,1,0.2,0.783938698,24.09.12_RSVNeut,mAb_1
Nirsevimab,RSV B 2024,2,1000,0.00299591,24.09.12_RSVNeut,mAb_1
Nirsevimab,RSV B 2024,2,333.3,0.002921412,24.09.12_RSVNeut,mAb_1
Nirsevimab,RSV B 2024,2,111.1,0.009840208,24.09.12_RSVNeut,mAb_1
Nirsevimab,RSV B 2024,2,37,0.004051663,24.09.12_RSVNeut,mAb_1
Nirsevimab,RSV B 2024,2,12.3,0.002006142,24.09.12_RSVNeut,mAb_1
Nirsevimab,RSV B 2024,2,4.1,0.03226856,24.09.12_RSVNeut,mAb_1
Nirsevimab,RSV B 2024,2,1.4,0.289480486,24.09.12_RSVNeut,mAb_1
Nirsevimab,RSV B 2024,2,0.5,0.804798321,24.09.12_RSVNeut,mAb_1
Nirsevimab,RSV B 2024,2,0.2,0.918674836,24.09.12_RSVNeut,mAb_1
MPE8,RSV B 2024,1,1000,0.007641745,24.09.12_RSVNeut,mAb_1
MPE8,RSV B 2024,1,333.3,0.000878083,24.09.12_RSVNeut,mAb_1
MPE8,RSV B 2024,1,111.1,0.003022615,24.09.12_RSVNeut,mAb_1
MPE8,RSV B 2024,1,37,0.009431097,24.09.12_RSVNeut,mAb_1
MPE8,RSV B 2024,1,12.3,0.068748799,24.09.12_RSVNeut,mAb_1
MPE8,RSV B 2024,1,4.1,0.388141457,24.09.12_RSVNeut,mAb_1
MPE8,RSV B 2024,1,1.4,0.965308476,24.09.12_RSVNeut,mAb_1
MPE8,RSV B 2024,1,0.5,1.197610353,24.09.12_RSVNeut,mAb_1
MPE8,RSV B 2024,1,0.2,1.367352169,24.09.12_RSVNeut,mAb_1
MPE8,RSV B 2024,2,1000,0.016388942,24.09.12_RSVNeut,mAb_1
MPE8,RSV B 2024,2,333.3,0.014200461,24.09.12_RSVNeut,mAb_1
MPE8,RSV B 2024,2,111.1,0.026616055,24.09.12_RSVNeut,mAb_1
MPE8,RSV B 2024,2,37,0.011778781,24.09.12_RSVNeut,mAb_1
MPE8,RSV B 2024,2,12.3,0.073121276,24.09.12_RSVNeut,mAb_1
MPE8,RSV B 2024,2,4.1,0.544205266,24.09.12_RSVNeut,mAb_1
MPE8,RSV B 2024,2,1.4,1.326542379,24.09.12_RSVNeut,mAb_1
MPE8,RSV B 2024,2,0.5,1.777243898,24.09.12_RSVNeut,mAb_1
MPE8,RSV B 2024,2,0.2,1.226535973,24.09.12_RSVNeut,mAb_1
Clesrovimab,RSV B 2024,1,1000,0.017590813,24.09.12_RSVNeut,mAb_1
Clesrovimab,RSV B 2024,1,333.3,0.012254148,24.09.12_RSVNeut,mAb_1
Clesrovimab,RSV B 2024,1,111.1,0.012583766,24.09.12_RSVNeut,mAb_1
Clesrovimab,RSV B 2024,1,37,0.026683324,24.09.12_RSVNeut,mAb_1
Clesrovimab,RSV B 2024,1,12.3,0.018797168,24.09.12_RSVNeut,mAb_1
Clesrovimab,RSV B 2024,1,4.1,0.009859376,24.09.12_RSVNeut,mAb_1
Clesrovimab,RSV B 2024,1,1.4,0.283201999,24.09.12_RSVNeut,mAb_1
Clesrovimab,RSV B 2024,1,0.5,0.969344609,24.09.12_RSVNeut,mAb_1
Clesrovimab,RSV B 2024,1,0.2,1.222051381,24.09.12_RSVNeut,mAb_1
Clesrovimab,RSV B 2024,2,1000,0.014016593,24.09.12_RSVNeut,mAb_1
Clesrovimab,RSV B 2024,2,333.3,0.007939971,24.09.12_RSVNeut,mAb_1
Clesrovimab,RSV B 2024,2,111.1,0.001452111,24.09.12_RSVNeut,mAb_1
Clesrovimab,RSV B 2024,2,37,0.003327567,24.09.12_RSVNeut,mAb_1
Clesrovimab,RSV B 2024,2,12.3,0.002065155,24.09.12_RSVNeut,mAb_1
Clesrovimab,RSV B 2024,2,4.1,0.012884233,24.09.12_RSVNeut,mAb_1
Clesrovimab,RSV B 2024,2,1.4,0.161602281,24.09.12_RSVNeut,mAb_1
Clesrovimab,RSV B 2024,2,0.5,0.70363252,24.09.12_RSVNeut,mAb_1
Clesrovimab,RSV B 2024,2,0.2,1.114869626,24.09.12_RSVNeut,mAb_1
Palivizumab,RSV B 2024,1,1000,0.014852969,24.09.12_RSVNeut,mAb_1
Palivizumab,RSV B 2024,1,333.3,0.047559101,24.09.12_RSVNeut,mAb_1
Palivizumab,RSV B 2024,1,111.1,0.308764175,24.09.12_RSVNeut,mAb_1
Palivizumab,RSV B 2024,1,37,0.872701646,24.09.12_RSVNeut,mAb_1
Palivizumab,RSV B 2024,1,12.3,2.345441732,24.09.12_RSVNeut,mAb_1
Palivizumab,RSV B 2024,1,4.1,2.129284387,24.09.12_RSVNeut,mAb_1
Palivizumab,RSV B 2024,1,1.4,1.974565956,24.09.12_RSVNeut,mAb_1
Palivizumab,RSV B 2024,1,0.5,0.901851496,24.09.12_RSVNeut,mAb_1
Palivizumab,RSV B 2024,1,0.2,0.952751618,24.09.12_RSVNeut,mAb_1
Palivizumab,RSV B 2024,2,1000,0.003953168,24.09.12_RSVNeut,mAb_1
Palivizumab,RSV B 2024,2,333.3,0.021891537,24.09.12_RSVNeut,mAb_1
Palivizumab,RSV B 2024,2,111.1,0.239477225,24.09.12_RSVNeut,mAb_1
Palivizumab,RSV B 2024,2,37,0.917771798,24.09.12_RSVNeut,mAb_1
Palivizumab,RSV B 2024,2,12.3,1.296271382,24.09.12_RSVNeut,mAb_1
Palivizumab,RSV B 2024,2,4.1,0.699372157,24.09.12_RSVNeut,mAb_1
Palivizumab,RSV B 2024,2,1.4,0.73233391,24.09.12_RSVNeut,mAb_1
Palivizumab,RSV B 2024,2,0.5,0.695560254,24.09.12_RSVNeut,mAb_1
Palivizumab,RSV B 2024,2,0.2,0.504292395,24.09.12_RSVNeut,mAb_1
hRSV90,RSV B 2024,1,1000,0.543751109,24.09.12_RSVNeut,mAb_1
hRSV90,RSV B 2024,1,333.3,0.718704835,24.09.12_RSVNeut,mAb_1
hRSV90,RSV B 2024,1,111.1,0.784249094,24.09.12_RSVNeut,mAb_1
hRSV90,RSV B 2024,1,37,0.538553209,24.09.12_RSVNeut,mAb_1
hRSV90,RSV B 2024,1,12.3,1.080149091,24.09.12_RSVNeut,mAb_1
hRSV90,RSV B 2024,1,4.1,0.867415502,24.09.12_RSVNeut,mAb_1
hRSV90,RSV B 2024,1,1.4,1.008646264,24.09.12_RSVNeut,mAb_1
hRSV90,RSV B 2024,1,0.5,0.96769695,24.09.12_RSVNeut,mAb_1
hRSV90,RSV B 2024,1,0.2,0.8466239,24.09.12_RSVNeut,mAb_1
hRSV90,RSV B 2024,2,1000,0.784249094,24.09.12_RSVNeut,mAb_1
hRSV90,RSV B 2024,2,333.3,0.65556936,24.09.12_RSVNeut,mAb_1
hRSV90,RSV B 2024,2,111.1,0.440680545,24.09.12_RSVNeut,mAb_1
hRSV90,RSV B 2024,2,37,0.889981998,24.09.12_RSVNeut,mAb_1
hRSV90,RSV B 2024,2,12.3,0.820507619,24.09.12_RSVNeut,mAb_1
hRSV90,RSV B 2024,2,4.1,0.800730242,24.09.12_RSVNeut,mAb_1
hRSV90,RSV B 2024,2,1.4,1.046679683,24.09.12_RSVNeut,mAb_1
hRSV90,RSV B 2024,2,0.5,1.081290094,24.09.12_RSVNeut,mAb_1
hRSV90,RSV B 2024,2,0.2,0.931945536,24.09.12_RSVNeut,mAb_1
AM14,RSV B 2024,1,1000,0.005312001,24.09.12_RSVNeut,mAb_1
AM14,RSV B 2024,1,333.3,0.003955476,24.09.12_RSVNeut,mAb_1
AM14,RSV B 2024,1,111.1,0.002474708,24.09.12_RSVNeut,mAb_1
AM14,RSV B 2024,1,37,0.003756434,24.09.12_RSVNeut,mAb_1
AM14,RSV B 2024,1,12.3,0.000182814,24.09.12_RSVNeut,mAb_1
AM14,RSV B 2024,1,4.1,0.004716144,24.09.12_RSVNeut,mAb_1
AM14,RSV B 2024,1,1.4,0.099482746,24.09.12_RSVNeut,mAb_1
AM14,RSV B 2024,1,0.5,0.22705951,24.09.12_RSVNeut,mAb_1
AM14,RSV B 2024,1,0.2,0.567331829,24.09.12_RSVNeut,mAb_1
AM14,RSV B 2024,2,1000,0.008068156,24.09.12_RSVNeut,mAb_1
AM14,RSV B 2024,2,333.3,0.002259185,24.09.12_RSVNeut,mAb_1
AM14,RSV B 2024,2,111.1,0.002185654,24.09.12_RSVNeut,mAb_1
AM14,RSV B 2024,2,37,0.003178326,24.09.12_RSVNeut,mAb_1
AM14,RSV B 2024,2,12.3,0.002885469,24.09.12_RSVNeut,mAb_1
AM14,RSV B 2024,2,4.1,0.007378483,24.09.12_RSVNeut,mAb_1
AM14,RSV B 2024,2,1.4,0.066875428,24.09.12_RSVNeut,mAb_1
AM14,RSV B 2024,2,0.5,0.508633586,24.09.12_RSVNeut,mAb_1
AM14,RSV B 2024,2,0.2,0.57709374,24.09.12_RSVNeut,mAb_1
Suptavumab,RSV Long,1,1000,0.000140685,24.09.12_RSVNeut,mAb_1
Suptavumab,RSV Long,1,333.3,0.000406378,24.09.12_RSVNeut,mAb_1
Suptavumab,RSV Long,1,111.1,0.000399441,24.09.12_RSVNeut,mAb_1
Suptavumab,RSV Long,1,37,2.61E-05,24.09.12_RSVNeut,mAb_1
Suptavumab,RSV Long,1,12.3,1.61E-05,24.09.12_RSVNeut,mAb_1
Suptavumab,RSV Long,1,4.1,0.098021921,24.09.12_RSVNeut,mAb_1
Suptavumab,RSV Long,1,1.4,0.421778685,24.09.12_RSVNeut,mAb_1
Suptavumab,RSV Long,1,0.5,0.70287198,24.09.12_RSVNeut,mAb_1
Suptavumab,RSV Long,1,0.2,1.072344558,24.09.12_RSVNeut,mAb_1
Suptavumab,RSV Long,2,1000,1.44E-05,24.09.12_RSVNeut,mAb_1
Suptavumab,RSV Long,2,333.3,0.00017884,24.09.12_RSVNeut,mAb_1
Suptavumab,RSV Long,2,111.1,0.000269994,24.09.12_RSVNeut,mAb_1
Suptavumab,RSV Long,2,37,0.006638852,24.09.12_RSVNeut,mAb_1
Suptavumab,RSV Long,2,12.3,0.000873942,24.09.12_RSVNeut,mAb_1
Suptavumab,RSV Long,2,4.1,0.092527699,24.09.12_RSVNeut,mAb_1
Suptavumab,RSV Long,2,1.4,0.431213208,24.09.12_RSVNeut,mAb_1
Suptavumab,RSV Long,2,0.5,0.744633619,24.09.12_RSVNeut,mAb_1
Suptavumab,RSV Long,2,0.2,1.005747924,24.09.12_RSVNeut,mAb_1
D25,RSV Long,1,1000,-0.000242939,24.09.12_RSVNeut,mAb_1
D25,RSV Long,1,333.3,0.000191188,24.09.12_RSVNeut,mAb_1
D25,RSV Long,1,111.1,0.00012566,24.09.12_RSVNeut,mAb_1
D25,RSV Long,1,37,-9.76E-05,24.09.12_RSVNeut,mAb_1
D25,RSV Long,1,12.3,0.024099657,24.09.12_RSVNeut,mAb_1
D25,RSV Long,1,4.1,0.151784829,24.09.12_RSVNeut,mAb_1
D25,RSV Long,1,1.4,0.510851684,24.09.12_RSVNeut,mAb_1
D25,RSV Long,1,0.5,0.713693933,24.09.12_RSVNeut,mAb_1
D25,RSV Long,1,0.2,0.885873982,24.09.12_RSVNeut,mAb_1
D25,RSV Long,2,1000,0.000289279,24.09.12_RSVNeut,mAb_1
D25,RSV Long,2,333.3,-0.000107623,24.09.12_RSVNeut,mAb_1
D25,RSV Long,2,111.1,0.00015567,24.09.12_RSVNeut,mAb_1
D25,RSV Long,2,37,0.000175232,24.09.12_RSVNeut,mAb_1
D25,RSV Long,2,12.3,0.017509365,24.09.12_RSVNeut,mAb_1
D25,RSV Long,2,4.1,0.142350306,24.09.12_RSVNeut,mAb_1
D25,RSV Long,2,1.4,0.422056171,24.09.12_RSVNeut,mAb_1
D25,RSV Long,2,0.5,0.692604999,24.09.12_RSVNeut,mAb_1
D25,RSV Long,2,0.2,0.852159436,24.09.12_RSVNeut,mAb_1
Nirsevimab,RSV Long,1,1000,0.000374329,24.09.12_RSVNeut,mAb_1
Nirsevimab,RSV Long,1,333.3,-0.000182308,24.09.12_RSVNeut,mAb_1
Nirsevimab,RSV Long,1,111.1,0.000210751,24.09.12_RSVNeut,mAb_1
Nirsevimab,RSV Long,1,37,-7.69E-05,24.09.12_RSVNeut,mAb_1
Nirsevimab,RSV Long,1,12.3,-1.33E-05,24.09.12_RSVNeut,mAb_1
Nirsevimab,RSV Long,1,4.1,0.033561929,24.09.12_RSVNeut,mAb_1
Nirsevimab,RSV Long,1,1.4,0.243493945,24.09.12_RSVNeut,mAb_1
Nirsevimab,RSV Long,1,0.5,0.544288744,24.09.12_RSVNeut,mAb_1
Nirsevimab,RSV Long,1,0.2,0.735476582,24.09.12_RSVNeut,mAb_1
Nirsevimab,RSV Long,2,1000,0.000578142,24.09.12_RSVNeut,mAb_1
Nirsevimab,RSV Long,2,333.3,-8.37E-05,24.09.12_RSVNeut,mAb_1
Nirsevimab,RSV Long,2,111.1,0.000179395,24.09.12_RSVNeut,mAb_1
Nirsevimab,RSV Long,2,37,2.50E-05,24.09.12_RSVNeut,mAb_1
Nirsevimab,RSV Long,2,12.3,0.000180366,24.09.12_RSVNeut,mAb_1
Nirsevimab,RSV Long,2,4.1,0.027221374,24.09.12_RSVNeut,mAb_1
Nirsevimab,RSV Long,2,1.4,0.198124988,24.09.12_RSVNeut,mAb_1
Nirsevimab,RSV Long,2,0.5,0.451469685,24.09.12_RSVNeut,mAb_1
Nirsevimab,RSV Long,2,0.2,0.710641587,24.09.12_RSVNeut,mAb_1
MPE8,RSV Long,1,1000,0.00019416,24.09.12_RSVNeut,mAb_1
MPE8,RSV Long,1,333.3,-0.000216447,24.09.12_RSVNeut,mAb_1
MPE8,RSV Long,1,111.1,0.000246289,24.09.12_RSVNeut,mAb_1
MPE8,RSV Long,1,37,0.014253516,24.09.12_RSVNeut,mAb_1
MPE8,RSV Long,1,12.3,0.137750412,24.09.12_RSVNeut,mAb_1
MPE8,RSV Long,1,4.1,0.505924275,24.09.12_RSVNeut,mAb_1
MPE8,RSV Long,1,1.4,0.790616855,24.09.12_RSVNeut,mAb_1
MPE8,RSV Long,1,0.5,1.028595172,24.09.12_RSVNeut,mAb_1
MPE8,RSV Long,1,0.2,1.147332502,24.09.12_RSVNeut,mAb_1
MPE8,RSV Long,2,1000,0.000105403,24.09.12_RSVNeut,mAb_1
MPE8,RSV Long,2,333.3,0.000271472,24.09.12_RSVNeut,mAb_1
MPE8,RSV Long,2,111.1,-0.000166207,24.09.12_RSVNeut,mAb_1
MPE8,RSV Long,2,37,0.014429796,24.09.12_RSVNeut,mAb_1
MPE8,RSV Long,2,12.3,0.162177816,24.09.12_RSVNeut,mAb_1
MPE8,RSV Long,2,4.1,0.414888125,24.09.12_RSVNeut,mAb_1
MPE8,RSV Long,2,1.4,0.68925572,24.09.12_RSVNeut,mAb_1
MPE8,RSV Long,2,0.5,0.88404538,24.09.12_RSVNeut,mAb_1
MPE8,RSV Long,2,0.2,1.122149612,24.09.12_RSVNeut,mAb_1
Clesrovimab,RSV Long,1,1000,8.92E-05,24.09.12_RSVNeut,mAb_1
Clesrovimab,RSV Long,1,333.3,-2.93E-05,24.09.12_RSVNeut,mAb_1
Clesrovimab,RSV Long,1,111.1,0.000917035,24.09.12_RSVNeut,mAb_1
Clesrovimab,RSV Long,1,37,0.000485148,24.09.12_RSVNeut,mAb_1
Clesrovimab,RSV Long,1,12.3,0.002180838,24.09.12_RSVNeut,mAb_1
Clesrovimab,RSV Long,1,4.1,0.053286997,24.09.12_RSVNeut,mAb_1
Clesrovimab,RSV Long,1,1.4,0.154119291,24.09.12_RSVNeut,mAb_1
Clesrovimab,RSV Long,1,0.5,0.332036414,24.09.12_RSVNeut,mAb_1
Clesrovimab,RSV Long,1,0.2,0.669109407,24.09.12_RSVNeut,mAb_1
Clesrovimab,RSV Long,2,1000,-3.15E-05,24.09.12_RSVNeut,mAb_1
Clesrovimab,RSV Long,2,333.3,0.000236845,24.09.12_RSVNeut,mAb_1
Clesrovimab,RSV Long,2,111.1,0.002372228,24.09.12_RSVNeut,mAb_1
Clesrovimab,RSV Long,2,37,0.000221987,24.09.12_RSVNeut,mAb_1
Clesrovimab,RSV Long,2,12.3,0.016885128,24.09.12_RSVNeut,mAb_1
Clesrovimab,RSV Long,2,4.1,0.008942445,24.09.12_RSVNeut,mAb_1
Clesrovimab,RSV Long,2,1.4,0.155000693,24.09.12_RSVNeut,mAb_1
Clesrovimab,RSV Long,2,0.5,0.314030648,24.09.12_RSVNeut,mAb_1
Clesrovimab,RSV Long,2,0.2,0.656392047,24.09.12_RSVNeut,mAb_1
Palivizumab,RSV Long,1,1000,0.000178547,24.09.12_RSVNeut,mAb_1
Palivizumab,RSV Long,1,333.3,0.033228824,24.09.12_RSVNeut,mAb_1
Palivizumab,RSV Long,1,111.1,0.205492388,24.09.12_RSVNeut,mAb_1
Palivizumab,RSV Long,1,37,0.656266133,24.09.12_RSVNeut,mAb_1
Palivizumab,RSV Long,1,12.3,0.782810159,24.09.12_RSVNeut,mAb_1
Palivizumab,RSV Long,1,4.1,0.94964681,24.09.12_RSVNeut,mAb_1
Palivizumab,RSV Long,1,1.4,1.032750349,24.09.12_RSVNeut,mAb_1
Palivizumab,RSV Long,1,0.5,1.119379494,24.09.12_RSVNeut,mAb_1
Palivizumab,RSV Long,1,0.2,1.013989096,24.09.12_RSVNeut,mAb_1
Palivizumab,RSV Long,2,1000,0.011825885,24.09.12_RSVNeut,mAb_1
Palivizumab,RSV Long,2,333.3,0.03772397,24.09.12_RSVNeut,mAb_1
Palivizumab,RSV Long,2,111.1,0.130825117,24.09.12_RSVNeut,mAb_1
Palivizumab,RSV Long,2,37,0.512975484,24.09.12_RSVNeut,mAb_1
Palivizumab,RSV Long,2,12.3,0.754101663,24.09.12_RSVNeut,mAb_1
Palivizumab,RSV Long,2,4.1,0.964378801,24.09.12_RSVNeut,mAb_1
Palivizumab,RSV Long,2,1.4,0.966267518,24.09.12_RSVNeut,mAb_1
Palivizumab,RSV Long,2,0.5,0.910739244,24.09.12_RSVNeut,mAb_1
Palivizumab,RSV Long,2,0.2,0.845011899,24.09.12_RSVNeut,mAb_1
hRSV90,RSV Long,1,1000,-0.000127788,24.09.12_RSVNeut,mAb_1
hRSV90,RSV Long,1,333.3,5.58E-05,24.09.12_RSVNeut,mAb_1
hRSV90,RSV Long,1,111.1,5.55E-05,24.09.12_RSVNeut,mAb_1
hRSV90,RSV Long,1,37,0.00169067,24.09.12_RSVNeut,mAb_1
hRSV90,RSV Long,1,12.3,-0.000284187,24.09.12_RSVNeut,mAb_1
hRSV90,RSV Long,1,4.1,0.016023634,24.09.12_RSVNeut,mAb_1
hRSV90,RSV Long,1,1.4,0.124014579,24.09.12_RSVNeut,mAb_1
hRSV90,RSV Long,1,0.5,0.324807732,24.09.12_RSVNeut,mAb_1
hRSV90,RSV Long,1,0.2,0.755743943,24.09.12_RSVNeut,mAb_1
hRSV90,RSV Long,2,1000,-6.55E-05,24.09.12_RSVNeut,mAb_1
hRSV90,RSV Long,2,333.3,0.000122618,24.09.12_RSVNeut,mAb_1
hRSV90,RSV Long,2,111.1,-0.000213702,24.09.12_RSVNeut,mAb_1
hRSV90,RSV Long,2,37,-0.000120274,24.09.12_RSVNeut,mAb_1
hRSV90,RSV Long,2,12.3,-8.98E-05,24.09.12_RSVNeut,mAb_1
hRSV90,RSV Long,2,4.1,0.006500971,24.09.12_RSVNeut,mAb_1
hRSV90,RSV Long,2,1.4,0.160348731,24.09.12_RSVNeut,mAb_1
hRSV90,RSV Long,2,0.5,0.360451488,24.09.12_RSVNeut,mAb_1
hRSV90,RSV Long,2,0.2,0.655877206,24.09.12_RSVNeut,mAb_1
AM14,RSV Long,1,1000,-0.000160879,24.09.12_RSVNeut,mAb_1
AM14,RSV Long,1,333.3,0.000144646,24.09.12_RSVNeut,mAb_1
AM14,RSV Long,1,111.1,0.000326895,24.09.12_RSVNeut,mAb_1
AM14,RSV Long,1,37,0.000143908,24.09.12_RSVNeut,mAb_1
AM14,RSV Long,1,12.3,0.00372975,24.09.12_RSVNeut,mAb_1
AM14,RSV Long,1,4.1,0.001218792,24.09.12_RSVNeut,mAb_1
AM14,RSV Long,1,1.4,0.076585906,24.09.12_RSVNeut,mAb_1
AM14,RSV Long,1,0.5,0.270860427,24.09.12_RSVNeut,mAb_1
AM14,RSV Long,1,0.2,0.508806576,24.09.12_RSVNeut,mAb_1
AM14,RSV Long,2,1000,8.28E-05,24.09.12_RSVNeut,mAb_1
AM14,RSV Long,2,333.3,-0.000365589,24.09.12_RSVNeut,mAb_1
AM14,RSV Long,2,111.1,-0.000129409,24.09.12_RSVNeut,mAb_1
AM14,RSV Long,2,37,0.000133584,24.09.12_RSVNeut,mAb_1
AM14,RSV Long,2,12.3,-5.87E-05,24.09.12_RSVNeut,mAb_1
AM14,RSV Long,2,4.1,0.018014547,24.09.12_RSVNeut,mAb_1
AM14,RSV Long,2,1.4,0.089815841,24.09.12_RSVNeut,mAb_1
AM14,RSV Long,2,0.5,0.327858324,24.09.12_RSVNeut,mAb_1
AM14,RSV Long,2,0.2,0.604659377,24.09.12_RSVNeut,mAb_1
Suptavumab,RSV A2,1,1000,0.013706172,24.09.12_RSVNeut,mAb_1
Suptavumab,RSV A2,1,333.3,0.015210103,24.09.12_RSVNeut,mAb_1
Suptavumab,RSV A2,1,111.1,0.013857988,24.09.12_RSVNeut,mAb_1
Suptavumab,RSV A2,1,37,0.033636815,24.09.12_RSVNeut,mAb_1
Suptavumab,RSV A2,1,12.3,0.015093078,24.09.12_RSVNeut,mAb_1
Suptavumab,RSV A2,1,4.1,0.10193837,24.09.12_RSVNeut,mAb_1
Suptavumab,RSV A2,1,1.4,0.398359841,24.09.12_RSVNeut,mAb_1
Suptavumab,RSV A2,1,0.5,0.728560455,24.09.12_RSVNeut,mAb_1
Suptavumab,RSV A2,1,0.2,1.212475149,24.09.12_RSVNeut,mAb_1
Suptavumab,RSV A2,2,1000,0.018154708,24.09.12_RSVNeut,mAb_1
Suptavumab,RSV A2,2,333.3,0.010622402,24.09.12_RSVNeut,mAb_1
Suptavumab,RSV A2,2,111.1,0.01921426,24.09.12_RSVNeut,mAb_1
Suptavumab,RSV A2,2,37,0.017885867,24.09.12_RSVNeut,mAb_1
Suptavumab,RSV A2,2,12.3,0.010366212,24.09.12_RSVNeut,mAb_1
Suptavumab,RSV A2,2,4.1,0.067668986,24.09.12_RSVNeut,mAb_1
Suptavumab,RSV A2,2,1.4,0.280702151,24.09.12_RSVNeut,mAb_1
Suptavumab,RSV A2,2,0.5,0.537524851,24.09.12_RSVNeut,mAb_1
Suptavumab,RSV A2,2,0.2,0.994239111,24.09.12_RSVNeut,mAb_1
D25,RSV A2,1,1000,0.0093288,24.09.12_RSVNeut,mAb_1
D25,RSV A2,1,333.3,0.023926893,24.09.12_RSVNeut,mAb_1
D25,RSV A2,1,111.1,0.010669845,24.09.12_RSVNeut,mAb_1
D25,RSV A2,1,37,0.00956285,24.09.12_RSVNeut,mAb_1
D25,RSV A2,1,12.3,0.12333499,24.09.12_RSVNeut,mAb_1
D25,RSV A2,1,4.1,0.633517079,24.09.12_RSVNeut,mAb_1
D25,RSV A2,1,1.4,1.128976143,24.09.12_RSVNeut,mAb_1
D25,RSV A2,1,0.5,0.829296946,24.09.12_RSVNeut,mAb_1
D25,RSV A2,1,0.2,1.19713537,24.09.12_RSVNeut,mAb_1
D25,RSV A2,2,1000,0.014659769,24.09.12_RSVNeut,mAb_1
D25,RSV A2,2,333.3,0.015379315,24.09.12_RSVNeut,mAb_1
D25,RSV A2,2,111.1,0.026109254,24.09.12_RSVNeut,mAb_1
D25,RSV A2,2,37,0.017458883,24.09.12_RSVNeut,mAb_1
D25,RSV A2,2,12.3,0.143592988,24.09.12_RSVNeut,mAb_1
D25,RSV A2,2,4.1,0.61200976,24.09.12_RSVNeut,mAb_1
D25,RSV A2,2,1.4,0.876106994,24.09.12_RSVNeut,mAb_1
D25,RSV A2,2,0.5,0.740262968,24.09.12_RSVNeut,mAb_1
D25,RSV A2,2,0.2,0.940312669,24.09.12_RSVNeut,mAb_1
Nirsevimab,RSV A2,1,1000,0.01467242,24.09.12_RSVNeut,mAb_1
Nirsevimab,RSV A2,1,333.3,0.007421607,24.09.12_RSVNeut,mAb_1
Nirsevimab,RSV A2,1,111.1,0.013704591,24.09.12_RSVNeut,mAb_1
Nirsevimab,RSV A2,1,37,0.012246521,24.09.12_RSVNeut,mAb_1
Nirsevimab,RSV A2,1,12.3,0.011715164,24.09.12_RSVNeut,mAb_1
Nirsevimab,RSV A2,1,4.1,0.288609254,24.09.12_RSVNeut,mAb_1
Nirsevimab,RSV A2,1,1.4,0.636838063,24.09.12_RSVNeut,mAb_1
Nirsevimab,RSV A2,1,0.5,0.921810049,24.09.12_RSVNeut,mAb_1
Nirsevimab,RSV A2,1,0.2,0.432044099,24.09.12_RSVNeut,mAb_1
Nirsevimab,RSV A2,2,1000,0.017806796,24.09.12_RSVNeut,mAb_1
Nirsevimab,RSV A2,2,333.3,0.021760347,24.09.12_RSVNeut,mAb_1
Nirsevimab,RSV A2,2,111.1,0.010005648,24.09.12_RSVNeut,mAb_1
Nirsevimab,RSV A2,2,37,0.022456172,24.09.12_RSVNeut,mAb_1
Nirsevimab,RSV A2,2,12.3,0.006966158,24.09.12_RSVNeut,mAb_1
Nirsevimab,RSV A2,2,4.1,0.129660672,24.09.12_RSVNeut,mAb_1
Nirsevimab,RSV A2,2,1.4,0.426825411,24.09.12_RSVNeut,mAb_1
Nirsevimab,RSV A2,2,0.5,0.331782035,24.09.12_RSVNeut,mAb_1
Nirsevimab,RSV A2,2,0.2,0.48597054,24.09.12_RSVNeut,mAb_1
MPE8,RSV A2,1,1000,0.009851401,24.09.12_RSVNeut,mAb_1
MPE8,RSV A2,1,333.3,0.008616909,24.09.12_RSVNeut,mAb_1
MPE8,RSV A2,1,111.1,0.016608137,24.09.12_RSVNeut,mAb_1
MPE8,RSV A2,1,37,0.021653453,24.09.12_RSVNeut,mAb_1
MPE8,RSV A2,1,12.3,0.020902023,24.09.12_RSVNeut,mAb_1
MPE8,RSV A2,1,4.1,0.11357328,24.09.12_RSVNeut,mAb_1
MPE8,RSV A2,1,1.4,0.39028355,24.09.12_RSVNeut,mAb_1
MPE8,RSV A2,1,0.5,1.017344232,24.09.12_RSVNeut,mAb_1
MPE8,RSV A2,1,0.2,0.911837323,24.09.12_RSVNeut,mAb_1
MPE8,RSV A2,2,1000,0.008741125,24.09.12_RSVNeut,mAb_1
MPE8,RSV A2,2,333.3,0.026085356,24.09.12_RSVNeut,mAb_1
MPE8,RSV A2,2,111.1,0.01370363,24.09.12_RSVNeut,mAb_1
MPE8,RSV A2,2,37,0.010760785,24.09.12_RSVNeut,mAb_1
MPE8,RSV A2,2,12.3,0.028508335,24.09.12_RSVNeut,mAb_1
MPE8,RSV A2,2,4.1,0.281249521,24.09.12_RSVNeut,mAb_1
MPE8,RSV A2,2,1.4,0.642856047,24.09.12_RSVNeut,mAb_1
MPE8,RSV A2,2,0.5,0.902329433,24.09.12_RSVNeut,mAb_1
MPE8,RSV A2,2,0.2,1.096167707,24.09.12_RSVNeut,mAb_1
Clesrovimab,RSV A2,1,1000,0.016178748,24.09.12_RSVNeut,mAb_1
Clesrovimab,RSV A2,1,333.3,0.012291248,24.09.12_RSVNeut,mAb_1
Clesrovimab,RSV A2,1,111.1,0.005916361,24.09.12_RSVNeut,mAb_1
Clesrovimab,RSV A2,1,37,0.004080725,24.09.12_RSVNeut,mAb_1
Clesrovimab,RSV A2,1,12.3,0.023984419,24.09.12_RSVNeut,mAb_1
Clesrovimab,RSV A2,1,4.1,0.041451333,24.09.12_RSVNeut,mAb_1
Clesrovimab,RSV A2,1,1.4,0.266067567,24.09.12_RSVNeut,mAb_1
Clesrovimab,RSV A2,1,0.5,0.53888267,24.09.12_RSVNeut,mAb_1
Clesrovimab,RSV A2,1,0.2,0.799736233,24.09.12_RSVNeut,mAb_1
Clesrovimab,RSV A2,2,1000,0.014200494,24.09.12_RSVNeut,mAb_1
Clesrovimab,RSV A2,2,333.3,0.009714917,24.09.12_RSVNeut,mAb_1
Clesrovimab,RSV A2,2,111.1,0.017528255,24.09.12_RSVNeut,mAb_1
Clesrovimab,RSV A2,2,37,0.012857121,24.09.12_RSVNeut,mAb_1
Clesrovimab,RSV A2,2,12.3,0.013735834,24.09.12_RSVNeut,mAb_1
Clesrovimab,RSV A2,2,4.1,0.054118297,24.09.12_RSVNeut,mAb_1
Clesrovimab,RSV A2,2,1.4,0.22466224,24.09.12_RSVNeut,mAb_1
Clesrovimab,RSV A2,2,0.5,0.576607524,24.09.12_RSVNeut,mAb_1
Clesrovimab,RSV A2,2,0.2,1.037893542,24.09.12_RSVNeut,mAb_1
Palivizumab,RSV A2,1,1000,0.015688019,24.09.12_RSVNeut,mAb_1
Palivizumab,RSV A2,1,333.3,0.013015075,24.09.12_RSVNeut,mAb_1
Palivizumab,RSV A2,1,111.1,0.091689797,24.09.12_RSVNeut,mAb_1
Palivizumab,RSV A2,1,37,1.044181018,24.09.12_RSVNeut,mAb_1
Palivizumab,RSV A2,1,12.3,1.720621387,24.09.12_RSVNeut,mAb_1
Palivizumab,RSV A2,1,4.1,1.573402444,24.09.12_RSVNeut,mAb_1
Palivizumab,RSV A2,1,1.4,1.36100845,24.09.12_RSVNeut,mAb_1
Palivizumab,RSV A2,1,0.5,1.234492171,24.09.12_RSVNeut,mAb_1
Palivizumab,RSV A2,1,0.2,1.17437777,24.09.12_RSVNeut,mAb_1
Palivizumab,RSV A2,2,1000,0.011159503,24.09.12_RSVNeut,mAb_1
Palivizumab,RSV A2,2,333.3,0.018249015,24.09.12_RSVNeut,mAb_1
Palivizumab,RSV A2,2,111.1,0.156880185,24.09.12_RSVNeut,mAb_1
Palivizumab,RSV A2,2,37,1.432777684,24.09.12_RSVNeut,mAb_1
Palivizumab,RSV A2,2,12.3,1.835636185,24.09.12_RSVNeut,mAb_1
Palivizumab,RSV A2,2,4.1,1.515588339,24.09.12_RSVNeut,mAb_1
Palivizumab,RSV A2,2,1.4,1.203054793,24.09.12_RSVNeut,mAb_1
Palivizumab,RSV A2,2,0.5,1.298593752,24.09.12_RSVNeut,mAb_1
Palivizumab,RSV A2,2,0.2,1.283105093,24.09.12_RSVNeut,mAb_1
hRSV90,RSV A2,1,1000,0.015871669,24.09.12_RSVNeut,mAb_1
hRSV90,RSV A2,1,333.3,0.007391218,24.09.12_RSVNeut,mAb_1
hRSV90,RSV A2,1,111.1,0.02635376,24.09.12_RSVNeut,mAb_1
hRSV90,RSV A2,1,37,0.03008827,24.09.12_RSVNeut,mAb_1
hRSV90,RSV A2,1,12.3,0.010054886,24.09.12_RSVNeut,mAb_1
hRSV90,RSV A2,1,4.1,0.059950207,24.09.12_RSVNeut,mAb_1
hRSV90,RSV A2,1,1.4,0.266225315,24.09.12_RSVNeut,mAb_1
hRSV90,RSV A2,1,0.5,0.640100719,24.09.12_RSVNeut,mAb_1
hRSV90,RSV A2,1,0.2,0.869829684,24.09.12_RSVNeut,mAb_1
hRSV90,RSV A2,2,1000,0.018870594,24.09.12_RSVNeut,mAb_1
hRSV90,RSV A2,2,333.3,0.006082725,24.09.12_RSVNeut,mAb_1
hRSV90,RSV A2,2,111.1,0.007644429,24.09.12_RSVNeut,mAb_1
hRSV90,RSV A2,2,37,0.005862049,24.09.12_RSVNeut,mAb_1
hRSV90,RSV A2,2,12.3,0.004755842,24.09.12_RSVNeut,mAb_1
hRSV90,RSV A2,2,4.1,0.026070843,24.09.12_RSVNeut,mAb_1
hRSV90,RSV A2,2,1.4,0.21586601,24.09.12_RSVNeut,mAb_1
hRSV90,RSV A2,2,0.5,0.595399762,24.09.12_RSVNeut,mAb_1
hRSV90,RSV A2,2,0.2,0.769959826,24.09.12_RSVNeut,mAb_1
AM14,RSV A2,1,1000,0.005105245,24.09.12_RSVNeut,mAb_1
AM14,RSV A2,1,333.3,0.01394783,24.09.12_RSVNeut,mAb_1
AM14,RSV A2,1,111.1,0.01257851,24.09.12_RSVNeut,mAb_1
AM14,RSV A2,1,37,0.007681209,24.09.12_RSVNeut,mAb_1
AM14,RSV A2,1,12.3,0.015815085,24.09.12_RSVNeut,mAb_1
AM14,RSV A2,1,4.1,0.045521417,24.09.12_RSVNeut,mAb_1
AM14,RSV A2,1,1.4,0.267074068,24.09.12_RSVNeut,mAb_1
AM14,RSV A2,1,0.5,0.659056187,24.09.12_RSVNeut,mAb_1
AM14,RSV A2,1,0.2,0.925422962,24.09.12_RSVNeut,mAb_1
AM14,RSV A2,2,1000,0.011418548,24.09.12_RSVNeut,mAb_1
AM14,RSV A2,2,333.3,0.008804391,24.09.12_RSVNeut,mAb_1
AM14,RSV A2,2,111.1,0.006417982,24.09.12_RSVNeut,mAb_1
AM14,RSV A2,2,37,0.009814406,24.09.12_RSVNeut,mAb_1
AM14,RSV A2,2,12.3,0.015291688,24.09.12_RSVNeut,mAb_1
AM14,RSV A2,2,4.1,0.052155831,24.09.12_RSVNeut,mAb_1
AM14,RSV A2,2,1.4,0.289424546,24.09.12_RSVNeut,mAb_1
AM14,RSV A2,2,0.5,0.602472698,24.09.12_RSVNeut,mAb_1
AM14,RSV A2,2,0.2,0.794149267,24.09.12_RSVNeut,mAb_1
Suptavumab,RSV B1,1,1000,0.000177935,24.09.12_RSVNeut,mAb_1
Suptavumab,RSV B1,1,333.3,0.000467342,24.09.12_RSVNeut,mAb_1
Suptavumab,RSV B1,1,111.1,0.000459244,24.09.12_RSVNeut,mAb_1
Suptavumab,RSV B1,1,37,0.006007929,24.09.12_RSVNeut,mAb_1
Suptavumab,RSV B1,1,12.3,0.058249466,24.09.12_RSVNeut,mAb_1
Suptavumab,RSV B1,1,4.1,0.466290185,24.09.12_RSVNeut,mAb_1
Suptavumab,RSV B1,1,1.4,0.701748851,24.09.12_RSVNeut,mAb_1
Suptavumab,RSV B1,1,0.5,0.824368237,24.09.12_RSVNeut,mAb_1
Suptavumab,RSV B1,1,0.2,0.972331766,24.09.12_RSVNeut,mAb_1
Suptavumab,RSV B1,2,1000,0.000265956,24.09.12_RSVNeut,mAb_1
Suptavumab,RSV B1,2,333.3,-1.75E-05,24.09.12_RSVNeut,mAb_1
Suptavumab,RSV B1,2,111.1,0.000229675,24.09.12_RSVNeut,mAb_1
Suptavumab,RSV B1,2,37,0.002213669,24.09.12_RSVNeut,mAb_1
Suptavumab,RSV B1,2,12.3,0.04567204,24.09.12_RSVNeut,mAb_1
Suptavumab,RSV B1,2,4.1,0.373221441,24.09.12_RSVNeut,mAb_1
Suptavumab,RSV B1,2,1.4,0.674511783,24.09.12_RSVNeut,mAb_1
Suptavumab,RSV B1,2,0.5,0.858966674,24.09.12_RSVNeut,mAb_1
Suptavumab,RSV B1,2,0.2,1.037006657,24.09.12_RSVNeut,mAb_1
D25,RSV B1,1,1000,0.000656844,24.09.12_RSVNeut,mAb_1
D25,RSV B1,1,333.3,4.93E-05,24.09.12_RSVNeut,mAb_1
D25,RSV B1,1,111.1,0.000391625,24.09.12_RSVNeut,mAb_1
D25,RSV B1,1,37,0.025323112,24.09.12_RSVNeut,mAb_1
D25,RSV B1,1,12.3,0.124407147,24.09.12_RSVNeut,mAb_1
D25,RSV B1,1,4.1,0.481118087,24.09.12_RSVNeut,mAb_1
D25,RSV B1,1,1.4,0.783354892,24.09.12_RSVNeut,mAb_1
D25,RSV B1,1,0.5,0.867695155,24.09.12_RSVNeut,mAb_1
D25,RSV B1,1,0.2,0.870850028,24.09.12_RSVNeut,mAb_1
D25,RSV B1,2,1000,0.000161109,24.09.12_RSVNeut,mAb_1
D25,RSV B1,2,333.3,-8.05E-06,24.09.12_RSVNeut,mAb_1
D25,RSV B1,2,111.1,0.00053738,24.09.12_RSVNeut,mAb_1
D25,RSV B1,2,37,0.008401426,24.09.12_RSVNeut,mAb_1
D25,RSV B1,2,12.3,0.130085918,24.09.12_RSVNeut,mAb_1
D25,RSV B1,2,4.1,0.449674522,24.09.12_RSVNeut,mAb_1
D25,RSV B1,2,1.4,0.599951625,24.09.12_RSVNeut,mAb_1
D25,RSV B1,2,0.5,1.072656718,24.09.12_RSVNeut,mAb_1
D25,RSV B1,2,0.2,0.756748799,24.09.12_RSVNeut,mAb_1
Nirsevimab,RSV B1,1,1000,-3.87E-05,24.09.12_RSVNeut,mAb_1
Nirsevimab,RSV B1,1,333.3,1.60E-05,24.09.12_RSVNeut,mAb_1
Nirsevimab,RSV B1,1,111.1,1.30E-05,24.09.12_RSVNeut,mAb_1
Nirsevimab,RSV B1,1,37,1.15E-05,24.09.12_RSVNeut,mAb_1
Nirsevimab,RSV B1,1,12.3,0.057355586,24.09.12_RSVNeut,mAb_1
Nirsevimab,RSV B1,1,4.1,0.293297999,24.09.12_RSVNeut,mAb_1
Nirsevimab,RSV B1,1,1.4,0.434741458,24.09.12_RSVNeut,mAb_1
Nirsevimab,RSV B1,1,0.5,0.772102512,24.09.12_RSVNeut,mAb_1
Nirsevimab,RSV B1,1,0.2,0.855706639,24.09.12_RSVNeut,mAb_1
Nirsevimab,RSV B1,2,1000,3.47E-05,24.09.12_RSVNeut,mAb_1
Nirsevimab,RSV B1,2,333.3,-8.21E-05,24.09.12_RSVNeut,mAb_1
Nirsevimab,RSV B1,2,111.1,0.000245975,24.09.12_RSVNeut,mAb_1
Nirsevimab,RSV B1,2,37,1.76E-05,24.09.12_RSVNeut,mAb_1
Nirsevimab,RSV B1,2,12.3,0.027394811,24.09.12_RSVNeut,mAb_1
Nirsevimab,RSV B1,2,4.1,0.220630764,24.09.12_RSVNeut,mAb_1
Nirsevimab,RSV B1,2,1.4,0.546634277,24.09.12_RSVNeut,mAb_1
Nirsevimab,RSV B1,2,0.5,0.803125427,24.09.12_RSVNeut,mAb_1
Nirsevimab,RSV B1,2,0.2,0.747915155,24.09.12_RSVNeut,mAb_1
MPE8,RSV B1,1,1000,0.000202021,24.09.12_RSVNeut,mAb_1
MPE8,RSV B1,1,333.3,3.83E-05,24.09.12_RSVNeut,mAb_1
MPE8,RSV B1,1,111.1,-1.85E-05,24.09.12_RSVNeut,mAb_1
MPE8,RSV B1,1,37,-1.01E-06,24.09.12_RSVNeut,mAb_1
MPE8,RSV B1,1,12.3,0.065166091,24.09.12_RSVNeut,mAb_1
MPE8,RSV B1,1,4.1,0.225063168,24.09.12_RSVNeut,mAb_1
MPE8,RSV B1,1,1.4,0.470085074,24.09.12_RSVNeut,mAb_1
MPE8,RSV B1,1,0.5,0.711050326,24.09.12_RSVNeut,mAb_1
MPE8,RSV B1,1,0.2,0.772873734,24.09.12_RSVNeut,mAb_1
MPE8,RSV B1,2,1000,2.00E-05,24.09.12_RSVNeut,mAb_1
MPE8,RSV B1,2,333.3,-2.97E-05,24.09.12_RSVNeut,mAb_1
MPE8,RSV B1,2,111.1,0.00048404,24.09.12_RSVNeut,mAb_1
MPE8,RSV B1,2,37,5.77E-05,24.09.12_RSVNeut,mAb_1
MPE8,RSV B1,2,12.3,0.102438629,24.09.12_RSVNeut,mAb_1
MPE8,RSV B1,2,4.1,0.305871717,24.09.12_RSVNeut,mAb_1
MPE8,RSV B1,2,1.4,0.684276409,24.09.12_RSVNeut,mAb_1
MPE8,RSV B1,2,0.5,0.98998586,24.09.12_RSVNeut,mAb_1
MPE8,RSV B1,2,0.2,1.031363731,24.09.12_RSVNeut,mAb_1
Clesrovimab,RSV B1,1,1000,1.45E-05,24.09.12_RSVNeut,mAb_1
Clesrovimab,RSV B1,1,333.3,0.001961798,24.09.12_RSVNeut,mAb_1
Clesrovimab,RSV B1,1,111.1,-5.73E-06,24.09.12_RSVNeut,mAb_1
Clesrovimab,RSV B1,1,37,-0.000243075,24.09.12_RSVNeut,mAb_1
Clesrovimab,RSV B1,1,12.3,-0.000143768,24.09.12_RSVNeut,mAb_1
Clesrovimab,RSV B1,1,4.1,0.001175132,24.09.12_RSVNeut,mAb_1
Clesrovimab,RSV B1,1,1.4,0.152660006,24.09.12_RSVNeut,mAb_1
Clesrovimab,RSV B1,1,0.5,0.548297364,24.09.12_RSVNeut,mAb_1
Clesrovimab,RSV B1,1,0.2,0.932219106,24.09.12_RSVNeut,mAb_1
Clesrovimab,RSV B1,2,1000,0.000460836,24.09.12_RSVNeut,mAb_1
Clesrovimab,RSV B1,2,333.3,0.000295811,24.09.12_RSVNeut,mAb_1
Clesrovimab,RSV B1,2,111.1,-0.000106836,24.09.12_RSVNeut,mAb_1
Clesrovimab,RSV B1,2,37,0.00015339,24.09.12_RSVNeut,mAb_1
Clesrovimab,RSV B1,2,12.3,-0.000218086,24.09.12_RSVNeut,mAb_1
Clesrovimab,RSV B1,2,4.1,0.0007633,24.09.12_RSVNeut,mAb_1
Clesrovimab,RSV B1,2,1.4,0.162915228,24.09.12_RSVNeut,mAb_1
Clesrovimab,RSV B1,2,0.5,0.550244558,24.09.12_RSVNeut,mAb_1
Clesrovimab,RSV B1,2,0.2,0.684925473,24.09.12_RSVNeut,mAb_1
Palivizumab,RSV B1,1,1000,0.000405179,24.09.12_RSVNeut,mAb_1
Palivizumab,RSV B1,1,333.3,0.015446116,24.09.12_RSVNeut,mAb_1
Palivizumab,RSV B1,1,111.1,0.101935604,24.09.12_RSVNeut,mAb_1
Palivizumab,RSV B1,1,37,0.457266047,24.09.12_RSVNeut,mAb_1
Palivizumab,RSV B1,1,12.3,0.904796124,24.09.12_RSVNeut,mAb_1
Palivizumab,RSV B1,1,4.1,1.324254155,24.09.12_RSVNeut,mAb_1
Palivizumab,RSV B1,1,1.4,1.356707388,24.09.12_RSVNeut,mAb_1
Palivizumab,RSV B1,1,0.5,1.313220056,24.09.12_RSVNeut,mAb_1
Palivizumab,RSV B1,1,0.2,1.109413756,24.09.12_RSVNeut,mAb_1
Palivizumab,RSV B1,2,1000,0.001005726,24.09.12_RSVNeut,mAb_1
Palivizumab,RSV B1,2,333.3,4.81E-05,24.09.12_RSVNeut,mAb_1
Palivizumab,RSV B1,2,111.1,0.104272236,24.09.12_RSVNeut,mAb_1
Palivizumab,RSV B1,2,37,0.48971928,24.09.12_RSVNeut,mAb_1
Palivizumab,RSV B1,2,12.3,0.915667957,24.09.12_RSVNeut,mAb_1
Palivizumab,RSV B1,2,4.1,0.625536058,24.09.12_RSVNeut,mAb_1
Palivizumab,RSV B1,2,1.4,0.680219755,24.09.12_RSVNeut,mAb_1
Palivizumab,RSV B1,2,0.5,1.341941167,24.09.12_RSVNeut,mAb_1
Palivizumab,RSV B1,2,0.2,0.680868819,24.09.12_RSVNeut,mAb_1
hRSV90,RSV B1,1,1000,8.08E-05,24.09.12_RSVNeut,mAb_1
hRSV90,RSV B1,1,333.3,-0.000178953,24.09.12_RSVNeut,mAb_1
hRSV90,RSV B1,1,111.1,8.77E-06,24.09.12_RSVNeut,mAb_1
hRSV90,RSV B1,1,37,0.000118419,24.09.12_RSVNeut,mAb_1
hRSV90,RSV B1,1,12.3,-7.51E-05,24.09.12_RSVNeut,mAb_1
hRSV90,RSV B1,1,4.1,0.055461907,24.09.12_RSVNeut,mAb_1
hRSV90,RSV B1,1,1.4,0.374461937,24.09.12_RSVNeut,mAb_1
hRSV90,RSV B1,1,0.5,0.970620993,24.09.12_RSVNeut,mAb_1
hRSV90,RSV B1,1,0.2,1.072514373,24.09.12_RSVNeut,mAb_1
hRSV90,RSV B1,2,1000,0.00012623,24.09.12_RSVNeut,mAb_1
hRSV90,RSV B1,2,333.3,-8.68E-05,24.09.12_RSVNeut,mAb_1
hRSV90,RSV B1,2,111.1,-0.000324193,24.09.12_RSVNeut,mAb_1
hRSV90,RSV B1,2,37,-0.000110337,24.09.12_RSVNeut,mAb_1
hRSV90,RSV B1,2,12.3,-1.39E-06,24.09.12_RSVNeut,mAb_1
hRSV90,RSV B1,2,4.1,0.111134523,24.09.12_RSVNeut,mAb_1
hRSV90,RSV B1,2,1.4,0.461304596,24.09.12_RSVNeut,mAb_1
hRSV90,RSV B1,2,0.5,0.841937329,24.09.12_RSVNeut,mAb_1
hRSV90,RSV B1,2,0.2,0.907407965,24.09.12_RSVNeut,mAb_1
AM14,RSV B1,1,1000,5.75E-05,24.09.12_RSVNeut,mAb_1
AM14,RSV B1,1,333.3,-4.72E-05,24.09.12_RSVNeut,mAb_1
AM14,RSV B1,1,111.1,-0.000101592,24.09.12_RSVNeut,mAb_1
AM14,RSV B1,1,37,-3.51E-05,24.09.12_RSVNeut,mAb_1
AM14,RSV B1,1,12.3,0.010773306,24.09.12_RSVNeut,mAb_1
AM14,RSV B1,1,4.1,0.005788507,24.09.12_RSVNeut,mAb_1
AM14,RSV B1,1,1.4,0.089130369,24.09.12_RSVNeut,mAb_1
AM14,RSV B1,1,0.5,0.334427019,24.09.12_RSVNeut,mAb_1
AM14,RSV B1,1,0.2,0.734776196,24.09.12_RSVNeut,mAb_1
AM14,RSV B1,2,1000,-0.000262786,24.09.12_RSVNeut,mAb_1
AM14,RSV B1,2,333.3,-0.000280244,24.09.12_RSVNeut,mAb_1
AM14,RSV B1,2,111.1,-0.000226965,24.09.12_RSVNeut,mAb_1
AM14,RSV B1,2,37,-1.90E-05,24.09.12_RSVNeut,mAb_1
AM14,RSV B1,2,12.3,0.000140213,24.09.12_RSVNeut,mAb_1
AM14,RSV B1,2,4.1,3.30E-05,24.09.12_RSVNeut,mAb_1
AM14,RSV B1,2,1.4,0.09791999,24.09.12_RSVNeut,mAb_1
AM14,RSV B1,2,0.5,0.296047681,24.09.12_RSVNeut,mAb_1
AM14,RSV B1,2,0.2,0.616628036,24.09.12_RSVNeut,mAb_1
Suptavumab,VSV,1,1000,0.992899604,24.09.12_RSVNeut,mAb_1
Suptavumab,VSV,1,333.3,1.005284016,24.09.12_RSVNeut,mAb_1
Suptavumab,VSV,1,111.1,1.00511889,24.09.12_RSVNeut,mAb_1
Suptavumab,VSV,1,37,1.043097754,24.09.12_RSVNeut,mAb_1
Suptavumab,VSV,1,12.3,1.022952444,24.09.12_RSVNeut,mAb_1
Suptavumab,VSV,1,4.1,1.099735799,24.09.12_RSVNeut,mAb_1
Suptavumab,VSV,1,1.4,1.065885073,24.09.12_RSVNeut,mAb_1
Suptavumab,VSV,1,0.5,1.094616909,24.09.12_RSVNeut,mAb_1
Suptavumab,VSV,1,0.2,1.017338177,24.09.12_RSVNeut,mAb_1
Suptavumab,VSV,2,1000,1.032199472,24.09.12_RSVNeut,mAb_1
Suptavumab,VSV,2,333.3,1.022622193,24.09.12_RSVNeut,mAb_1
Suptavumab,VSV,2,111.1,1.105845443,24.09.12_RSVNeut,mAb_1
Suptavumab,VSV,2,37,1.120046235,24.09.12_RSVNeut,mAb_1
Suptavumab,VSV,2,12.3,1.045244386,24.09.12_RSVNeut,mAb_1
Suptavumab,VSV,2,4.1,1.045244386,24.09.12_RSVNeut,mAb_1
Suptavumab,VSV,2,1.4,0.992734478,24.09.12_RSVNeut,mAb_1
Suptavumab,VSV,2,0.5,1.055647292,24.09.12_RSVNeut,mAb_1
Suptavumab,VSV,2,0.2,1.002476882,24.09.12_RSVNeut,mAb_1
D25,VSV,1,1000,0.989266843,24.09.12_RSVNeut,mAb_1
D25,VSV,1,333.3,0.911327609,24.09.12_RSVNeut,mAb_1
D25,VSV,1,111.1,1.016677675,24.09.12_RSVNeut,mAb_1
D25,VSV,1,37,1.020310436,24.09.12_RSVNeut,mAb_1
D25,VSV,1,12.3,0.957232497,24.09.12_RSVNeut,mAb_1
D25,VSV,1,4.1,1.003137384,24.09.12_RSVNeut,mAb_1
D25,VSV,1,1.4,1.087186262,24.09.12_RSVNeut,mAb_1
D25,VSV,1,0.5,1.052014531,24.09.12_RSVNeut,mAb_1
D25,VSV,1,0.2,1.112945839,24.09.12_RSVNeut,mAb_1
D25,VSV,2,1000,0.82843461,24.09.12_RSVNeut,mAb_1
D25,VSV,2,333.3,0.855680317,24.09.12_RSVNeut,mAb_1
D25,VSV,2,111.1,0.897126816,24.09.12_RSVNeut,mAb_1
D25,VSV,2,37,0.857661823,24.09.12_RSVNeut,mAb_1
D25,VSV,2,12.3,0.891017173,24.09.12_RSVNeut,mAb_1
D25,VSV,2,4.1,0.864597094,24.09.12_RSVNeut,mAb_1
D25,VSV,2,1.4,0.90323646,24.09.12_RSVNeut,mAb_1
D25,VSV,2,0.5,0.895970938,24.09.12_RSVNeut,mAb_1
D25,VSV,2,0.2,0.9417107,24.09.12_RSVNeut,mAb_1
Nirsevimab,VSV,1,1000,0.920739762,24.09.12_RSVNeut,mAb_1
Nirsevimab,VSV,1,333.3,0.944682959,24.09.12_RSVNeut,mAb_1
Nirsevimab,VSV,1,111.1,0.946664465,24.09.12_RSVNeut,mAb_1
Nirsevimab,VSV,1,37,0.958553501,24.09.12_RSVNeut,mAb_1
Nirsevimab,VSV,1,12.3,0.948645971,24.09.12_RSVNeut,mAb_1
Nirsevimab,VSV,1,4.1,0.952278732,24.09.12_RSVNeut,mAb_1
Nirsevimab,VSV,1,1.4,0.893824306,24.09.12_RSVNeut,mAb_1
Nirsevimab,VSV,1,0.5,0.944352708,24.09.12_RSVNeut,mAb_1
Nirsevimab,VSV,1,0.2,0.980019815,24.09.12_RSVNeut,mAb_1
Nirsevimab,VSV,2,1000,0.875495376,24.09.12_RSVNeut,mAb_1
Nirsevimab,VSV,2,333.3,0.926519155,24.09.12_RSVNeut,mAb_1
Nirsevimab,VSV,2,111.1,0.980680317,24.09.12_RSVNeut,mAb_1
Nirsevimab,VSV,2,37,0.961030383,24.09.12_RSVNeut,mAb_1
Nirsevimab,VSV,2,12.3,0.899603699,24.09.12_RSVNeut,mAb_1
Nirsevimab,VSV,2,4.1,0.985964333,24.09.12_RSVNeut,mAb_1
Nirsevimab,VSV,2,1.4,0.935270806,24.09.12_RSVNeut,mAb_1
Nirsevimab,VSV,2,0.5,0.962186262,24.09.12_RSVNeut,mAb_1
Nirsevimab,VSV,2,0.2,0.962351387,24.09.12_RSVNeut,mAb_1
MPE8,VSV,1,1000,1.045247246,24.09.12_RSVNeut,mAb_1
MPE8,VSV,1,333.3,1.016551371,24.09.12_RSVNeut,mAb_1
MPE8,VSV,1,111.1,1.136715347,24.09.12_RSVNeut,mAb_1
MPE8,VSV,1,37,1.166666667,24.09.12_RSVNeut,mAb_1
MPE8,VSV,1,12.3,1.12003587,24.09.12_RSVNeut,mAb_1
MPE8,VSV,1,4.1,1.166666667,24.09.12_RSVNeut,mAb_1
MPE8,VSV,1,1.4,1.030719959,24.09.12_RSVNeut,mAb_1
MPE8,VSV,1,0.5,1.105867282,24.09.12_RSVNeut,mAb_1
MPE8,VSV,1,0.2,1.081117089,24.09.12_RSVNeut,mAb_1
MPE8,VSV,2,1000,0.982833718,24.09.12_RSVNeut,mAb_1
MPE8,VSV,2,333.3,1.075915962,24.09.12_RSVNeut,mAb_1
MPE8,VSV,2,111.1,1.09941071,24.09.12_RSVNeut,mAb_1
MPE8,VSV,2,37,1.076633359,24.09.12_RSVNeut,mAb_1
MPE8,VSV,2,12.3,1.068203946,24.09.12_RSVNeut,mAb_1
MPE8,VSV,2,4.1,0.9754804,24.09.12_RSVNeut,mAb_1
MPE8,VSV,2,1.4,0.980322829,24.09.12_RSVNeut,mAb_1
MPE8,VSV,2,0.5,0.960235716,24.09.12_RSVNeut,mAb_1
MPE8,VSV,2,0.2,0.96848578,24.09.12_RSVNeut,mAb_1
Clesrovimab,VSV,1,1000,0.960415065,24.09.12_RSVNeut,mAb_1
Clesrovimab,VSV,1,333.3,0.966512939,24.09.12_RSVNeut,mAb_1
Clesrovimab,VSV,1,111.1,0.988572893,24.09.12_RSVNeut,mAb_1
Clesrovimab,VSV,1,37,0.980860876,24.09.12_RSVNeut,mAb_1
Clesrovimab,VSV,1,12.3,0.919523444,24.09.12_RSVNeut,mAb_1
Clesrovimab,VSV,1,4.1,0.9525237,24.09.12_RSVNeut,mAb_1
Clesrovimab,VSV,1,1.4,0.838816295,24.09.12_RSVNeut,mAb_1
Clesrovimab,VSV,1,0.5,1.064258263,24.09.12_RSVNeut,mAb_1
Clesrovimab,VSV,1,0.2,1.013861132,24.09.12_RSVNeut,mAb_1
Clesrovimab,VSV,2,1000,1.148552396,24.09.12_RSVNeut,mAb_1
Clesrovimab,VSV,2,333.3,1.197156034,24.09.12_RSVNeut,mAb_1
Clesrovimab,VSV,2,111.1,1.245042275,24.09.12_RSVNeut,mAb_1
Clesrovimab,VSV,2,37,1.168460159,24.09.12_RSVNeut,mAb_1
Clesrovimab,VSV,2,12.3,1.119856521,24.09.12_RSVNeut,mAb_1
Clesrovimab,VSV,2,4.1,1.142275173,24.09.12_RSVNeut,mAb_1
Clesrovimab,VSV,2,1.4,1.100845503,24.09.12_RSVNeut,mAb_1
Clesrovimab,VSV,2,0.5,1.089187804,24.09.12_RSVNeut,mAb_1
Clesrovimab,VSV,2,0.2,1.038611325,24.09.12_RSVNeut,mAb_1
Palivizumab,VSV,1,1000,0.98929029,24.09.12_RSVNeut,mAb_1
Palivizumab,VSV,1,333.3,0.921316936,24.09.12_RSVNeut,mAb_1
Palivizumab,VSV,1,111.1,0.999871893,24.09.12_RSVNeut,mAb_1
Palivizumab,VSV,1,37,0.966692288,24.09.12_RSVNeut,mAb_1
Palivizumab,VSV,1,12.3,0.973866257,24.09.12_RSVNeut,mAb_1
Palivizumab,VSV,1,4.1,1.016013323,24.09.12_RSVNeut,mAb_1
Palivizumab,VSV,1,1.4,0.98462721,24.09.12_RSVNeut,mAb_1
Palivizumab,VSV,1,0.5,0.926518063,24.09.12_RSVNeut,mAb_1
Palivizumab,VSV,1,0.2,0.967768383,24.09.12_RSVNeut,mAb_1
Palivizumab,VSV,2,1000,0.932077889,24.09.12_RSVNeut,mAb_1
Palivizumab,VSV,2,333.3,0.903740712,24.09.12_RSVNeut,mAb_1
Palivizumab,VSV,2,111.1,0.972431463,24.09.12_RSVNeut,mAb_1
Palivizumab,VSV,2,37,0.958083525,24.09.12_RSVNeut,mAb_1
Palivizumab,VSV,2,12.3,0.990904432,24.09.12_RSVNeut,mAb_1
Palivizumab,VSV,2,4.1,0.980322829,24.09.12_RSVNeut,mAb_1
Palivizumab,VSV,2,1.4,0.887061235,24.09.12_RSVNeut,mAb_1
Palivizumab,VSV,2,0.5,0.919164745,24.09.12_RSVNeut,mAb_1
Palivizumab,VSV,2,0.2,0.950550858,24.09.12_RSVNeut,mAb_1
hRSV90,VSV,1,1000,0.852805413,24.09.12_RSVNeut,mAb_1
hRSV90,VSV,1,333.3,0.949855214,24.09.12_RSVNeut,mAb_1
hRSV90,VSV,1,111.1,0.957739614,24.09.12_RSVNeut,mAb_1
hRSV90,VSV,1,37,1.024255283,24.09.12_RSVNeut,mAb_1
hRSV90,VSV,1,12.3,1.066544339,24.09.12_RSVNeut,mAb_1
hRSV90,VSV,1,4.1,1.069554746,24.09.12_RSVNeut,mAb_1
hRSV90,VSV,1,1.4,1.108259985,24.09.12_RSVNeut,mAb_1
hRSV90,VSV,1,0.5,1.028699217,24.09.12_RSVNeut,mAb_1
hRSV90,VSV,1,0.2,1.003755842,24.09.12_RSVNeut,mAb_1
hRSV90,VSV,2,1000,0.90770951,24.09.12_RSVNeut,mAb_1
hRSV90,VSV,2,333.3,0.942974283,24.09.12_RSVNeut,mAb_1
hRSV90,VSV,2,111.1,0.993004387,24.09.12_RSVNeut,mAb_1
hRSV90,VSV,2,37,0.993291092,24.09.12_RSVNeut,mAb_1
hRSV90,VSV,2,12.3,0.99214427,24.09.12_RSVNeut,mAb_1
hRSV90,VSV,2,4.1,0.941540755,24.09.12_RSVNeut,mAb_1
hRSV90,VSV,2,1.4,1.021101522,24.09.12_RSVNeut,mAb_1
hRSV90,VSV,2,0.5,1.001605551,24.09.12_RSVNeut,mAb_1
hRSV90,VSV,2,0.2,0.991140801,24.09.12_RSVNeut,mAb_1
AM14,VSV,1,1000,0.73625964,24.09.12_RSVNeut,mAb_1
AM14,VSV,1,333.3,0.967917658,24.09.12_RSVNeut,mAb_1
AM14,VSV,1,111.1,0.965050604,24.09.12_RSVNeut,mAb_1
AM14,VSV,1,37,1.131913186,24.09.12_RSVNeut,mAb_1
AM14,VSV,1,12.3,0.959316494,24.09.12_RSVNeut,mAb_1
AM14,VSV,1,4.1,1.018521173,24.09.12_RSVNeut,mAb_1
AM14,VSV,1,1.4,0.953152327,24.09.12_RSVNeut,mAb_1
AM14,VSV,1,0.5,0.961036727,24.09.12_RSVNeut,mAb_1
AM14,VSV,1,0.2,0.922761547,24.09.12_RSVNeut,mAb_1
AM14,VSV,2,1000,0.861836635,24.09.12_RSVNeut,mAb_1
AM14,VSV,2,333.3,0.99529803,24.09.12_RSVNeut,mAb_1
AM14,VSV,2,111.1,1.014363944,24.09.12_RSVNeut,mAb_1
AM14,VSV,2,37,1.009346598,24.09.12_RSVNeut,mAb_1
AM14,VSV,2,12.3,0.972361593,24.09.12_RSVNeut,mAb_1
AM14,VSV,2,4.1,0.991714212,24.09.12_RSVNeut,mAb_1
AM14,VSV,2,1.4,0.983113048,24.09.12_RSVNeut,mAb_1
AM14,VSV,2,0.5,0.957596261,24.09.12_RSVNeut,mAb_1
AM14,VSV,2,0.2,0.95859973,24.09.12_RSVNeut,mAb_1